"solution": {
  "type": "(case-2) Matched complete state\n -- Modifying search nodes and rewriting solution graph connections [node 378]",
  "score": 0.028,
  "size": 43,
  "round": 1,
"psgraph": {

    "init": "3",
    "goal": "0",
    "nodes" : {
      "0": {
        "expected_successor": false,
        "action": "goal_action",
        "state": "0x267967b0",
        "distance": 0,
        "is_relevant": 1,
        "is_goal": 1,
        "is_sc": 1,
        "successors": [

         ]
      },
      "1": {
        "expected_successor": "0",
        "action": "player2_bite x0 y0",
        "state": "0x26a42010",
        "distance": 1,
        "is_relevant": 0,
        "is_goal": 0,
        "is_sc": 1,
        "successors": [
          {
              "outcome_label": "player2_bite x0 y0",
              "successor_id": "0"
          }
         ]
      },
      "2": {
        "expected_successor": "1",
        "action": "player2-pick ",
        "state": "0x26a423d0",
        "distance": 2,
        "is_relevant": 0,
        "is_goal": 0,
        "is_sc": 0,
        "successors": [
          {
              "outcome_label": "player2-pick_detdup_1 ",
              "successor_id": "1"
          },
          {
              "outcome_label": "player2-pick_detdup_10 ",
              "successor_id": "-1"
          },
          {
              "outcome_label": "player2-pick_detdup_11 ",
              "successor_id": "-1"
          },
          {
              "outcome_label": "player2-pick_detdup_12 ",
              "successor_id": "-1"
          },
          {
              "outcome_label": "player2-pick_detdup_13 ",
              "successor_id": "-1"
          },
          {
              "outcome_label": "player2-pick_detdup_14 ",
              "successor_id": "-1"
          },
          {
              "outcome_label": "player2-pick_detdup_15 ",
              "successor_id": "-1"
          },
          {
              "outcome_label": "player2-pick_detdup_16 ",
              "successor_id": "-1"
          },
          {
              "outcome_label": "player2-pick_detdup_17 ",
              "successor_id": "-1"
          },
          {
              "outcome_label": "player2-pick_detdup_18 ",
              "successor_id": "-1"
          },
          {
              "outcome_label": "player2-pick_detdup_19 ",
              "successor_id": "-1"
          },
          {
              "outcome_label": "player2-pick_detdup_2 ",
              "successor_id": "-1"
          },
          {
              "outcome_label": "player2-pick_detdup_20 ",
              "successor_id": "-1"
          },
          {
              "outcome_label": "player2-pick_detdup_21 ",
              "successor_id": "-1"
          },
          {
              "outcome_label": "player2-pick_detdup_22 ",
              "successor_id": "-1"
          },
          {
              "outcome_label": "player2-pick_detdup_23 ",
              "successor_id": "-1"
          },
          {
              "outcome_label": "player2-pick_detdup_24 ",
              "successor_id": "-1"
          },
          {
              "outcome_label": "player2-pick_detdup_25 ",
              "successor_id": "-1"
          },
          {
              "outcome_label": "player2-pick_detdup_26 ",
              "successor_id": "-1"
          },
          {
              "outcome_label": "player2-pick_detdup_27 ",
              "successor_id": "-1"
          },
          {
              "outcome_label": "player2-pick_detdup_28 ",
              "successor_id": "-1"
          },
          {
              "outcome_label": "player2-pick_detdup_29 ",
              "successor_id": "-1"
          },
          {
              "outcome_label": "player2-pick_detdup_3 ",
              "successor_id": "-1"
          },
          {
              "outcome_label": "player2-pick_detdup_30 ",
              "successor_id": "-1"
          },
          {
              "outcome_label": "player2-pick_detdup_31 ",
              "successor_id": "-1"
          },
          {
              "outcome_label": "player2-pick_detdup_32 ",
              "successor_id": "-1"
          },
          {
              "outcome_label": "player2-pick_detdup_33 ",
              "successor_id": "-1"
          },
          {
              "outcome_label": "player2-pick_detdup_34 ",
              "successor_id": "-1"
          },
          {
              "outcome_label": "player2-pick_detdup_35 ",
              "successor_id": "-1"
          },
          {
              "outcome_label": "player2-pick_detdup_36 ",
              "successor_id": "-1"
          },
          {
              "outcome_label": "player2-pick_detdup_37 ",
              "successor_id": "-1"
          },
          {
              "outcome_label": "player2-pick_detdup_38 ",
              "successor_id": "-1"
          },
          {
              "outcome_label": "player2-pick_detdup_39 ",
              "successor_id": "-1"
          },
          {
              "outcome_label": "player2-pick_detdup_4 ",
              "successor_id": "-1"
          },
          {
              "outcome_label": "player2-pick_detdup_40 ",
              "successor_id": "-1"
          },
          {
              "outcome_label": "player2-pick_detdup_41 ",
              "successor_id": "-1"
          },
          {
              "outcome_label": "player2-pick_detdup_42 ",
              "successor_id": "-1"
          },
          {
              "outcome_label": "player2-pick_detdup_43 ",
              "successor_id": "-1"
          },
          {
              "outcome_label": "player2-pick_detdup_44 ",
              "successor_id": "-1"
          },
          {
              "outcome_label": "player2-pick_detdup_45 ",
              "successor_id": "-1"
          },
          {
              "outcome_label": "player2-pick_detdup_46 ",
              "successor_id": "-1"
          },
          {
              "outcome_label": "player2-pick_detdup_47 ",
              "successor_id": "-1"
          },
          {
              "outcome_label": "player2-pick_detdup_48 ",
              "successor_id": "-1"
          },
          {
              "outcome_label": "player2-pick_detdup_49 ",
              "successor_id": "-1"
          },
          {
              "outcome_label": "player2-pick_detdup_5 ",
              "successor_id": "-1"
          },
          {
              "outcome_label": "player2-pick_detdup_6 ",
              "successor_id": "-1"
          },
          {
              "outcome_label": "player2-pick_detdup_7 ",
              "successor_id": "-1"
          },
          {
              "outcome_label": "player2-pick_detdup_8 ",
              "successor_id": "-1"
          },
          {
              "outcome_label": "player2-pick_detdup_9 ",
              "successor_id": "4"
          }
         ]
      },
      "3": {
        "expected_successor": "2",
        "action": "player1_bite x6 y6",
        "state": "0x26a42910",
        "distance": 3,
        "is_relevant": 0,
        "is_goal": 0,
        "is_sc": 0,
        "successors": [
          {
              "outcome_label": "player1_bite x6 y6",
              "successor_id": "2"
          }
         ]
      },
      "4": {
        "expected_successor": "7",
        "action": "player2_bite x1 y1",
        "state": "0x26a3a5a0",
        "distance": 4,
        "is_relevant": 0,
        "is_goal": 0,
        "is_sc": 0,
        "successors": [
          {
              "outcome_label": "player2_bite x1 y1",
              "successor_id": "7"
          }
         ]
      },
      "5": {
        "expected_successor": "7",
        "action": "player2_bite x1 y1",
        "state": "0x26f55130",
        "distance": 4,
        "is_relevant": 0,
        "is_goal": 0,
        "is_sc": 0,
        "successors": [
          {
              "outcome_label": "player2_bite x1 y1",
              "successor_id": "7"
          }
         ]
      },
      "7": {
        "expected_successor": "6",
        "action": "player1_bite x6 y6",
        "state": "0x26f557c0",
        "distance": 3,
        "is_relevant": 0,
        "is_goal": 0,
        "is_sc": 0,
        "successors": [
          {
              "outcome_label": "player1_bite x6 y6",
              "successor_id": "6"
          }
         ]
      },
      "6": {
        "expected_successor": "1",
        "action": "player2-pick ",
        "state": "0x26f53d80",
        "distance": 2,
        "is_relevant": 0,
        "is_goal": 0,
        "is_sc": 0,
        "successors": [
          {
              "outcome_label": "player2-pick_detdup_1 ",
              "successor_id": "1"
          },
          {
              "outcome_label": "player2-pick_detdup_10 ",
              "successor_id": "-1"
          },
          {
              "outcome_label": "player2-pick_detdup_11 ",
              "successor_id": "-1"
          },
          {
              "outcome_label": "player2-pick_detdup_12 ",
              "successor_id": "-1"
          },
          {
              "outcome_label": "player2-pick_detdup_13 ",
              "successor_id": "-1"
          },
          {
              "outcome_label": "player2-pick_detdup_14 ",
              "successor_id": "-1"
          },
          {
              "outcome_label": "player2-pick_detdup_15 ",
              "successor_id": "-1"
          },
          {
              "outcome_label": "player2-pick_detdup_16 ",
              "successor_id": "-1"
          },
          {
              "outcome_label": "player2-pick_detdup_17 ",
              "successor_id": "-1"
          },
          {
              "outcome_label": "player2-pick_detdup_18 ",
              "successor_id": "-1"
          },
          {
              "outcome_label": "player2-pick_detdup_19 ",
              "successor_id": "-1"
          },
          {
              "outcome_label": "player2-pick_detdup_2 ",
              "successor_id": "-1"
          },
          {
              "outcome_label": "player2-pick_detdup_20 ",
              "successor_id": "-1"
          },
          {
              "outcome_label": "player2-pick_detdup_21 ",
              "successor_id": "-1"
          },
          {
              "outcome_label": "player2-pick_detdup_22 ",
              "successor_id": "-1"
          },
          {
              "outcome_label": "player2-pick_detdup_23 ",
              "successor_id": "-1"
          },
          {
              "outcome_label": "player2-pick_detdup_24 ",
              "successor_id": "-1"
          },
          {
              "outcome_label": "player2-pick_detdup_25 ",
              "successor_id": "-1"
          },
          {
              "outcome_label": "player2-pick_detdup_26 ",
              "successor_id": "-1"
          },
          {
              "outcome_label": "player2-pick_detdup_27 ",
              "successor_id": "-1"
          },
          {
              "outcome_label": "player2-pick_detdup_28 ",
              "successor_id": "-1"
          },
          {
              "outcome_label": "player2-pick_detdup_29 ",
              "successor_id": "-1"
          },
          {
              "outcome_label": "player2-pick_detdup_3 ",
              "successor_id": "-1"
          },
          {
              "outcome_label": "player2-pick_detdup_30 ",
              "successor_id": "-1"
          },
          {
              "outcome_label": "player2-pick_detdup_31 ",
              "successor_id": "-1"
          },
          {
              "outcome_label": "player2-pick_detdup_32 ",
              "successor_id": "-1"
          },
          {
              "outcome_label": "player2-pick_detdup_33 ",
              "successor_id": "-1"
          },
          {
              "outcome_label": "player2-pick_detdup_34 ",
              "successor_id": "-1"
          },
          {
              "outcome_label": "player2-pick_detdup_35 ",
              "successor_id": "-1"
          },
          {
              "outcome_label": "player2-pick_detdup_36 ",
              "successor_id": "-1"
          },
          {
              "outcome_label": "player2-pick_detdup_37 ",
              "successor_id": "-1"
          },
          {
              "outcome_label": "player2-pick_detdup_38 ",
              "successor_id": "-1"
          },
          {
              "outcome_label": "player2-pick_detdup_39 ",
              "successor_id": "-1"
          },
          {
              "outcome_label": "player2-pick_detdup_4 ",
              "successor_id": "-1"
          },
          {
              "outcome_label": "player2-pick_detdup_40 ",
              "successor_id": "-1"
          },
          {
              "outcome_label": "player2-pick_detdup_41 ",
              "successor_id": "-1"
          },
          {
              "outcome_label": "player2-pick_detdup_42 ",
              "successor_id": "-1"
          },
          {
              "outcome_label": "player2-pick_detdup_43 ",
              "successor_id": "-1"
          },
          {
              "outcome_label": "player2-pick_detdup_44 ",
              "successor_id": "-1"
          },
          {
              "outcome_label": "player2-pick_detdup_45 ",
              "successor_id": "-1"
          },
          {
              "outcome_label": "player2-pick_detdup_46 ",
              "successor_id": "-1"
          },
          {
              "outcome_label": "player2-pick_detdup_47 ",
              "successor_id": "-1"
          },
          {
              "outcome_label": "player2-pick_detdup_48 ",
              "successor_id": "-1"
          },
          {
              "outcome_label": "player2-pick_detdup_49 ",
              "successor_id": "-1"
          },
          {
              "outcome_label": "player2-pick_detdup_5 ",
              "successor_id": "-1"
          },
          {
              "outcome_label": "player2-pick_detdup_6 ",
              "successor_id": "-1"
          },
          {
              "outcome_label": "player2-pick_detdup_7 ",
              "successor_id": "-1"
          },
          {
              "outcome_label": "player2-pick_detdup_8 ",
              "successor_id": "8"
          },
          {
              "outcome_label": "player2-pick_detdup_9 ",
              "successor_id": "5"
          }
         ]
      },
      "8": {
        "expected_successor": "11",
        "action": "player2_bite x1 y0",
        "state": "0x271a82d0",
        "distance": 4,
        "is_relevant": 0,
        "is_goal": 0,
        "is_sc": 0,
        "successors": [
          {
              "outcome_label": "player2_bite x1 y0",
              "successor_id": "11"
          }
         ]
      },
      "9": {
        "expected_successor": "11",
        "action": "player2_bite x1 y1",
        "state": "0x27414770",
        "distance": 4,
        "is_relevant": 0,
        "is_goal": 0,
        "is_sc": 0,
        "successors": [
          {
              "outcome_label": "player2_bite x1 y1",
              "successor_id": "11"
          }
         ]
      },
      "11": {
        "expected_successor": "10",
        "action": "player1_bite x6 y6",
        "state": "0x27414a50",
        "distance": 3,
        "is_relevant": 0,
        "is_goal": 0,
        "is_sc": 0,
        "successors": [
          {
              "outcome_label": "player1_bite x6 y6",
              "successor_id": "10"
          }
         ]
      },
      "10": {
        "expected_successor": "1",
        "action": "player2-pick ",
        "state": "0x27412f90",
        "distance": 2,
        "is_relevant": 0,
        "is_goal": 0,
        "is_sc": 0,
        "successors": [
          {
              "outcome_label": "player2-pick_detdup_1 ",
              "successor_id": "1"
          },
          {
              "outcome_label": "player2-pick_detdup_10 ",
              "successor_id": "-1"
          },
          {
              "outcome_label": "player2-pick_detdup_11 ",
              "successor_id": "-1"
          },
          {
              "outcome_label": "player2-pick_detdup_12 ",
              "successor_id": "-1"
          },
          {
              "outcome_label": "player2-pick_detdup_13 ",
              "successor_id": "-1"
          },
          {
              "outcome_label": "player2-pick_detdup_14 ",
              "successor_id": "-1"
          },
          {
              "outcome_label": "player2-pick_detdup_15 ",
              "successor_id": "-1"
          },
          {
              "outcome_label": "player2-pick_detdup_16 ",
              "successor_id": "-1"
          },
          {
              "outcome_label": "player2-pick_detdup_17 ",
              "successor_id": "-1"
          },
          {
              "outcome_label": "player2-pick_detdup_18 ",
              "successor_id": "-1"
          },
          {
              "outcome_label": "player2-pick_detdup_19 ",
              "successor_id": "-1"
          },
          {
              "outcome_label": "player2-pick_detdup_2 ",
              "successor_id": "-1"
          },
          {
              "outcome_label": "player2-pick_detdup_20 ",
              "successor_id": "-1"
          },
          {
              "outcome_label": "player2-pick_detdup_21 ",
              "successor_id": "-1"
          },
          {
              "outcome_label": "player2-pick_detdup_22 ",
              "successor_id": "-1"
          },
          {
              "outcome_label": "player2-pick_detdup_23 ",
              "successor_id": "-1"
          },
          {
              "outcome_label": "player2-pick_detdup_24 ",
              "successor_id": "-1"
          },
          {
              "outcome_label": "player2-pick_detdup_25 ",
              "successor_id": "-1"
          },
          {
              "outcome_label": "player2-pick_detdup_26 ",
              "successor_id": "-1"
          },
          {
              "outcome_label": "player2-pick_detdup_27 ",
              "successor_id": "-1"
          },
          {
              "outcome_label": "player2-pick_detdup_28 ",
              "successor_id": "-1"
          },
          {
              "outcome_label": "player2-pick_detdup_29 ",
              "successor_id": "-1"
          },
          {
              "outcome_label": "player2-pick_detdup_3 ",
              "successor_id": "-1"
          },
          {
              "outcome_label": "player2-pick_detdup_30 ",
              "successor_id": "-1"
          },
          {
              "outcome_label": "player2-pick_detdup_31 ",
              "successor_id": "-1"
          },
          {
              "outcome_label": "player2-pick_detdup_32 ",
              "successor_id": "-1"
          },
          {
              "outcome_label": "player2-pick_detdup_33 ",
              "successor_id": "-1"
          },
          {
              "outcome_label": "player2-pick_detdup_34 ",
              "successor_id": "-1"
          },
          {
              "outcome_label": "player2-pick_detdup_35 ",
              "successor_id": "-1"
          },
          {
              "outcome_label": "player2-pick_detdup_36 ",
              "successor_id": "-1"
          },
          {
              "outcome_label": "player2-pick_detdup_37 ",
              "successor_id": "-1"
          },
          {
              "outcome_label": "player2-pick_detdup_38 ",
              "successor_id": "-1"
          },
          {
              "outcome_label": "player2-pick_detdup_39 ",
              "successor_id": "-1"
          },
          {
              "outcome_label": "player2-pick_detdup_4 ",
              "successor_id": "-1"
          },
          {
              "outcome_label": "player2-pick_detdup_40 ",
              "successor_id": "-1"
          },
          {
              "outcome_label": "player2-pick_detdup_41 ",
              "successor_id": "-1"
          },
          {
              "outcome_label": "player2-pick_detdup_42 ",
              "successor_id": "-1"
          },
          {
              "outcome_label": "player2-pick_detdup_43 ",
              "successor_id": "-1"
          },
          {
              "outcome_label": "player2-pick_detdup_44 ",
              "successor_id": "-1"
          },
          {
              "outcome_label": "player2-pick_detdup_45 ",
              "successor_id": "-1"
          },
          {
              "outcome_label": "player2-pick_detdup_46 ",
              "successor_id": "-1"
          },
          {
              "outcome_label": "player2-pick_detdup_47 ",
              "successor_id": "-1"
          },
          {
              "outcome_label": "player2-pick_detdup_48 ",
              "successor_id": "-1"
          },
          {
              "outcome_label": "player2-pick_detdup_49 ",
              "successor_id": "-1"
          },
          {
              "outcome_label": "player2-pick_detdup_5 ",
              "successor_id": "-1"
          },
          {
              "outcome_label": "player2-pick_detdup_6 ",
              "successor_id": "-1"
          },
          {
              "outcome_label": "player2-pick_detdup_7 ",
              "successor_id": "13"
          },
          {
              "outcome_label": "player2-pick_detdup_8 ",
              "successor_id": "12"
          },
          {
              "outcome_label": "player2-pick_detdup_9 ",
              "successor_id": "9"
          }
         ]
      },
      "12": {
        "expected_successor": "11",
        "action": "player2_bite x1 y0",
        "state": "0x2766c8c0",
        "distance": 4,
        "is_relevant": 0,
        "is_goal": 0,
        "is_sc": 0,
        "successors": [
          {
              "outcome_label": "player2_bite x1 y0",
              "successor_id": "11"
          }
         ]
      },
      "13": {
        "expected_successor": "16",
        "action": "player2_bite x0 y6",
        "state": "0x278c66d0",
        "distance": 4,
        "is_relevant": 0,
        "is_goal": 0,
        "is_sc": 0,
        "successors": [
          {
              "outcome_label": "player2_bite x0 y6",
              "successor_id": "16"
          }
         ]
      },
      "14": {
        "expected_successor": "16",
        "action": "player2_bite x1 y1",
        "state": "0x27b2fe00",
        "distance": 4,
        "is_relevant": 0,
        "is_goal": 0,
        "is_sc": 0,
        "successors": [
          {
              "outcome_label": "player2_bite x1 y1",
              "successor_id": "16"
          }
         ]
      },
      "16": {
        "expected_successor": "15",
        "action": "player1_bite x6 y6",
        "state": "0x27b30000",
        "distance": 3,
        "is_relevant": 0,
        "is_goal": 0,
        "is_sc": 0,
        "successors": [
          {
              "outcome_label": "player1_bite x6 y6",
              "successor_id": "15"
          }
         ]
      },
      "15": {
        "expected_successor": "1",
        "action": "player2-pick ",
        "state": "0x27b2e550",
        "distance": 2,
        "is_relevant": 0,
        "is_goal": 0,
        "is_sc": 0,
        "successors": [
          {
              "outcome_label": "player2-pick_detdup_1 ",
              "successor_id": "1"
          },
          {
              "outcome_label": "player2-pick_detdup_10 ",
              "successor_id": "-1"
          },
          {
              "outcome_label": "player2-pick_detdup_11 ",
              "successor_id": "-1"
          },
          {
              "outcome_label": "player2-pick_detdup_12 ",
              "successor_id": "-1"
          },
          {
              "outcome_label": "player2-pick_detdup_13 ",
              "successor_id": "-1"
          },
          {
              "outcome_label": "player2-pick_detdup_14 ",
              "successor_id": "-1"
          },
          {
              "outcome_label": "player2-pick_detdup_15 ",
              "successor_id": "-1"
          },
          {
              "outcome_label": "player2-pick_detdup_16 ",
              "successor_id": "-1"
          },
          {
              "outcome_label": "player2-pick_detdup_17 ",
              "successor_id": "-1"
          },
          {
              "outcome_label": "player2-pick_detdup_18 ",
              "successor_id": "-1"
          },
          {
              "outcome_label": "player2-pick_detdup_19 ",
              "successor_id": "-1"
          },
          {
              "outcome_label": "player2-pick_detdup_2 ",
              "successor_id": "-1"
          },
          {
              "outcome_label": "player2-pick_detdup_20 ",
              "successor_id": "-1"
          },
          {
              "outcome_label": "player2-pick_detdup_21 ",
              "successor_id": "-1"
          },
          {
              "outcome_label": "player2-pick_detdup_22 ",
              "successor_id": "-1"
          },
          {
              "outcome_label": "player2-pick_detdup_23 ",
              "successor_id": "-1"
          },
          {
              "outcome_label": "player2-pick_detdup_24 ",
              "successor_id": "-1"
          },
          {
              "outcome_label": "player2-pick_detdup_25 ",
              "successor_id": "-1"
          },
          {
              "outcome_label": "player2-pick_detdup_26 ",
              "successor_id": "-1"
          },
          {
              "outcome_label": "player2-pick_detdup_27 ",
              "successor_id": "-1"
          },
          {
              "outcome_label": "player2-pick_detdup_28 ",
              "successor_id": "-1"
          },
          {
              "outcome_label": "player2-pick_detdup_29 ",
              "successor_id": "-1"
          },
          {
              "outcome_label": "player2-pick_detdup_3 ",
              "successor_id": "-1"
          },
          {
              "outcome_label": "player2-pick_detdup_30 ",
              "successor_id": "-1"
          },
          {
              "outcome_label": "player2-pick_detdup_31 ",
              "successor_id": "-1"
          },
          {
              "outcome_label": "player2-pick_detdup_32 ",
              "successor_id": "-1"
          },
          {
              "outcome_label": "player2-pick_detdup_33 ",
              "successor_id": "-1"
          },
          {
              "outcome_label": "player2-pick_detdup_34 ",
              "successor_id": "-1"
          },
          {
              "outcome_label": "player2-pick_detdup_35 ",
              "successor_id": "-1"
          },
          {
              "outcome_label": "player2-pick_detdup_36 ",
              "successor_id": "-1"
          },
          {
              "outcome_label": "player2-pick_detdup_37 ",
              "successor_id": "-1"
          },
          {
              "outcome_label": "player2-pick_detdup_38 ",
              "successor_id": "-1"
          },
          {
              "outcome_label": "player2-pick_detdup_39 ",
              "successor_id": "-1"
          },
          {
              "outcome_label": "player2-pick_detdup_4 ",
              "successor_id": "-1"
          },
          {
              "outcome_label": "player2-pick_detdup_40 ",
              "successor_id": "-1"
          },
          {
              "outcome_label": "player2-pick_detdup_41 ",
              "successor_id": "-1"
          },
          {
              "outcome_label": "player2-pick_detdup_42 ",
              "successor_id": "-1"
          },
          {
              "outcome_label": "player2-pick_detdup_43 ",
              "successor_id": "-1"
          },
          {
              "outcome_label": "player2-pick_detdup_44 ",
              "successor_id": "-1"
          },
          {
              "outcome_label": "player2-pick_detdup_45 ",
              "successor_id": "-1"
          },
          {
              "outcome_label": "player2-pick_detdup_46 ",
              "successor_id": "-1"
          },
          {
              "outcome_label": "player2-pick_detdup_47 ",
              "successor_id": "-1"
          },
          {
              "outcome_label": "player2-pick_detdup_48 ",
              "successor_id": "-1"
          },
          {
              "outcome_label": "player2-pick_detdup_49 ",
              "successor_id": "-1"
          },
          {
              "outcome_label": "player2-pick_detdup_5 ",
              "successor_id": "-1"
          },
          {
              "outcome_label": "player2-pick_detdup_6 ",
              "successor_id": "19"
          },
          {
              "outcome_label": "player2-pick_detdup_7 ",
              "successor_id": "18"
          },
          {
              "outcome_label": "player2-pick_detdup_8 ",
              "successor_id": "17"
          },
          {
              "outcome_label": "player2-pick_detdup_9 ",
              "successor_id": "14"
          }
         ]
      },
      "17": {
        "expected_successor": "16",
        "action": "player2_bite x1 y0",
        "state": "0x27d878f0",
        "distance": 4,
        "is_relevant": 0,
        "is_goal": 0,
        "is_sc": 0,
        "successors": [
          {
              "outcome_label": "player2_bite x1 y0",
              "successor_id": "16"
          }
         ]
      },
      "18": {
        "expected_successor": "16",
        "action": "player2_bite x0 y6",
        "state": "0x27fdc8b0",
        "distance": 4,
        "is_relevant": 0,
        "is_goal": 0,
        "is_sc": 0,
        "successors": [
          {
              "outcome_label": "player2_bite x0 y6",
              "successor_id": "16"
          }
         ]
      },
      "19": {
        "expected_successor": "22",
        "action": "player2_bite x0 y5",
        "state": "0x27fdd0f0",
        "distance": 4,
        "is_relevant": 0,
        "is_goal": 0,
        "is_sc": 0,
        "successors": [
          {
              "outcome_label": "player2_bite x0 y5",
              "successor_id": "22"
          }
         ]
      },
      "20": {
        "expected_successor": "22",
        "action": "player2_bite x1 y1",
        "state": "0x2849afe0",
        "distance": 4,
        "is_relevant": 0,
        "is_goal": 0,
        "is_sc": 0,
        "successors": [
          {
              "outcome_label": "player2_bite x1 y1",
              "successor_id": "22"
          }
         ]
      },
      "22": {
        "expected_successor": "21",
        "action": "player1_bite x6 y6",
        "state": "0x2849cb50",
        "distance": 3,
        "is_relevant": 0,
        "is_goal": 0,
        "is_sc": 0,
        "successors": [
          {
              "outcome_label": "player1_bite x6 y6",
              "successor_id": "21"
          }
         ]
      },
      "21": {
        "expected_successor": "1",
        "action": "player2-pick ",
        "state": "0x2849b0f0",
        "distance": 2,
        "is_relevant": 0,
        "is_goal": 0,
        "is_sc": 0,
        "successors": [
          {
              "outcome_label": "player2-pick_detdup_1 ",
              "successor_id": "1"
          },
          {
              "outcome_label": "player2-pick_detdup_10 ",
              "successor_id": "-1"
          },
          {
              "outcome_label": "player2-pick_detdup_11 ",
              "successor_id": "-1"
          },
          {
              "outcome_label": "player2-pick_detdup_12 ",
              "successor_id": "-1"
          },
          {
              "outcome_label": "player2-pick_detdup_13 ",
              "successor_id": "-1"
          },
          {
              "outcome_label": "player2-pick_detdup_14 ",
              "successor_id": "-1"
          },
          {
              "outcome_label": "player2-pick_detdup_15 ",
              "successor_id": "-1"
          },
          {
              "outcome_label": "player2-pick_detdup_16 ",
              "successor_id": "-1"
          },
          {
              "outcome_label": "player2-pick_detdup_17 ",
              "successor_id": "-1"
          },
          {
              "outcome_label": "player2-pick_detdup_18 ",
              "successor_id": "-1"
          },
          {
              "outcome_label": "player2-pick_detdup_19 ",
              "successor_id": "-1"
          },
          {
              "outcome_label": "player2-pick_detdup_2 ",
              "successor_id": "-1"
          },
          {
              "outcome_label": "player2-pick_detdup_20 ",
              "successor_id": "-1"
          },
          {
              "outcome_label": "player2-pick_detdup_21 ",
              "successor_id": "-1"
          },
          {
              "outcome_label": "player2-pick_detdup_22 ",
              "successor_id": "-1"
          },
          {
              "outcome_label": "player2-pick_detdup_23 ",
              "successor_id": "-1"
          },
          {
              "outcome_label": "player2-pick_detdup_24 ",
              "successor_id": "-1"
          },
          {
              "outcome_label": "player2-pick_detdup_25 ",
              "successor_id": "-1"
          },
          {
              "outcome_label": "player2-pick_detdup_26 ",
              "successor_id": "-1"
          },
          {
              "outcome_label": "player2-pick_detdup_27 ",
              "successor_id": "-1"
          },
          {
              "outcome_label": "player2-pick_detdup_28 ",
              "successor_id": "-1"
          },
          {
              "outcome_label": "player2-pick_detdup_29 ",
              "successor_id": "-1"
          },
          {
              "outcome_label": "player2-pick_detdup_3 ",
              "successor_id": "-1"
          },
          {
              "outcome_label": "player2-pick_detdup_30 ",
              "successor_id": "-1"
          },
          {
              "outcome_label": "player2-pick_detdup_31 ",
              "successor_id": "-1"
          },
          {
              "outcome_label": "player2-pick_detdup_32 ",
              "successor_id": "-1"
          },
          {
              "outcome_label": "player2-pick_detdup_33 ",
              "successor_id": "-1"
          },
          {
              "outcome_label": "player2-pick_detdup_34 ",
              "successor_id": "-1"
          },
          {
              "outcome_label": "player2-pick_detdup_35 ",
              "successor_id": "-1"
          },
          {
              "outcome_label": "player2-pick_detdup_36 ",
              "successor_id": "-1"
          },
          {
              "outcome_label": "player2-pick_detdup_37 ",
              "successor_id": "-1"
          },
          {
              "outcome_label": "player2-pick_detdup_38 ",
              "successor_id": "-1"
          },
          {
              "outcome_label": "player2-pick_detdup_39 ",
              "successor_id": "-1"
          },
          {
              "outcome_label": "player2-pick_detdup_4 ",
              "successor_id": "-1"
          },
          {
              "outcome_label": "player2-pick_detdup_40 ",
              "successor_id": "-1"
          },
          {
              "outcome_label": "player2-pick_detdup_41 ",
              "successor_id": "-1"
          },
          {
              "outcome_label": "player2-pick_detdup_42 ",
              "successor_id": "-1"
          },
          {
              "outcome_label": "player2-pick_detdup_43 ",
              "successor_id": "-1"
          },
          {
              "outcome_label": "player2-pick_detdup_44 ",
              "successor_id": "-1"
          },
          {
              "outcome_label": "player2-pick_detdup_45 ",
              "successor_id": "-1"
          },
          {
              "outcome_label": "player2-pick_detdup_46 ",
              "successor_id": "-1"
          },
          {
              "outcome_label": "player2-pick_detdup_47 ",
              "successor_id": "-1"
          },
          {
              "outcome_label": "player2-pick_detdup_48 ",
              "successor_id": "-1"
          },
          {
              "outcome_label": "player2-pick_detdup_49 ",
              "successor_id": "-1"
          },
          {
              "outcome_label": "player2-pick_detdup_5 ",
              "successor_id": "26"
          },
          {
              "outcome_label": "player2-pick_detdup_6 ",
              "successor_id": "25"
          },
          {
              "outcome_label": "player2-pick_detdup_7 ",
              "successor_id": "24"
          },
          {
              "outcome_label": "player2-pick_detdup_8 ",
              "successor_id": "23"
          },
          {
              "outcome_label": "player2-pick_detdup_9 ",
              "successor_id": "20"
          }
         ]
      },
      "23": {
        "expected_successor": "22",
        "action": "player2_bite x1 y0",
        "state": "0x286f2310",
        "distance": 4,
        "is_relevant": 0,
        "is_goal": 0,
        "is_sc": 0,
        "successors": [
          {
              "outcome_label": "player2_bite x1 y0",
              "successor_id": "22"
          }
         ]
      },
      "24": {
        "expected_successor": "22",
        "action": "player2_bite x0 y6",
        "state": "0x28947780",
        "distance": 4,
        "is_relevant": 0,
        "is_goal": 0,
        "is_sc": 0,
        "successors": [
          {
              "outcome_label": "player2_bite x0 y6",
              "successor_id": "22"
          }
         ]
      },
      "26": {
        "expected_successor": "29",
        "action": "player2_bite x0 y4",
        "state": "0x28dfef40",
        "distance": 4,
        "is_relevant": 0,
        "is_goal": 0,
        "is_sc": 0,
        "successors": [
          {
              "outcome_label": "player2_bite x0 y4",
              "successor_id": "29"
          }
         ]
      },
      "25": {
        "expected_successor": "22",
        "action": "player2_bite x0 y5",
        "state": "0x28b9e890",
        "distance": 4,
        "is_relevant": 0,
        "is_goal": 0,
        "is_sc": 0,
        "successors": [
          {
              "outcome_label": "player2_bite x0 y5",
              "successor_id": "22"
          }
         ]
      },
      "34": {
        "expected_successor": "37",
        "action": "player2_bite x6 y6",
        "state": "0x29763590",
        "distance": 4,
        "is_relevant": 0,
        "is_goal": 0,
        "is_sc": 0,
        "successors": [
          {
              "outcome_label": "player2_bite x6 y6",
              "successor_id": "37"
          }
         ]
      },
      "27": {
        "expected_successor": "29",
        "action": "player2_bite x1 y1",
        "state": "0x2905ff90",
        "distance": 4,
        "is_relevant": 0,
        "is_goal": 0,
        "is_sc": 0,
        "successors": [
          {
              "outcome_label": "player2_bite x1 y1",
              "successor_id": "29"
          }
         ]
      },
      "29": {
        "expected_successor": "28",
        "action": "player1_bite x6 y6",
        "state": "0x29061b00",
        "distance": 3,
        "is_relevant": 0,
        "is_goal": 0,
        "is_sc": 0,
        "successors": [
          {
              "outcome_label": "player1_bite x6 y6",
              "successor_id": "28"
          }
         ]
      },
      "28": {
        "expected_successor": "1",
        "action": "player2-pick ",
        "state": "0x290600a0",
        "distance": 2,
        "is_relevant": 0,
        "is_goal": 0,
        "is_sc": 0,
        "successors": [
          {
              "outcome_label": "player2-pick_detdup_1 ",
              "successor_id": "1"
          },
          {
              "outcome_label": "player2-pick_detdup_10 ",
              "successor_id": "-1"
          },
          {
              "outcome_label": "player2-pick_detdup_11 ",
              "successor_id": "-1"
          },
          {
              "outcome_label": "player2-pick_detdup_12 ",
              "successor_id": "-1"
          },
          {
              "outcome_label": "player2-pick_detdup_13 ",
              "successor_id": "-1"
          },
          {
              "outcome_label": "player2-pick_detdup_14 ",
              "successor_id": "-1"
          },
          {
              "outcome_label": "player2-pick_detdup_15 ",
              "successor_id": "-1"
          },
          {
              "outcome_label": "player2-pick_detdup_16 ",
              "successor_id": "-1"
          },
          {
              "outcome_label": "player2-pick_detdup_17 ",
              "successor_id": "-1"
          },
          {
              "outcome_label": "player2-pick_detdup_18 ",
              "successor_id": "-1"
          },
          {
              "outcome_label": "player2-pick_detdup_19 ",
              "successor_id": "-1"
          },
          {
              "outcome_label": "player2-pick_detdup_2 ",
              "successor_id": "-1"
          },
          {
              "outcome_label": "player2-pick_detdup_20 ",
              "successor_id": "-1"
          },
          {
              "outcome_label": "player2-pick_detdup_21 ",
              "successor_id": "-1"
          },
          {
              "outcome_label": "player2-pick_detdup_22 ",
              "successor_id": "-1"
          },
          {
              "outcome_label": "player2-pick_detdup_23 ",
              "successor_id": "-1"
          },
          {
              "outcome_label": "player2-pick_detdup_24 ",
              "successor_id": "-1"
          },
          {
              "outcome_label": "player2-pick_detdup_25 ",
              "successor_id": "-1"
          },
          {
              "outcome_label": "player2-pick_detdup_26 ",
              "successor_id": "-1"
          },
          {
              "outcome_label": "player2-pick_detdup_27 ",
              "successor_id": "-1"
          },
          {
              "outcome_label": "player2-pick_detdup_28 ",
              "successor_id": "-1"
          },
          {
              "outcome_label": "player2-pick_detdup_29 ",
              "successor_id": "-1"
          },
          {
              "outcome_label": "player2-pick_detdup_3 ",
              "successor_id": "-1"
          },
          {
              "outcome_label": "player2-pick_detdup_30 ",
              "successor_id": "-1"
          },
          {
              "outcome_label": "player2-pick_detdup_31 ",
              "successor_id": "-1"
          },
          {
              "outcome_label": "player2-pick_detdup_32 ",
              "successor_id": "-1"
          },
          {
              "outcome_label": "player2-pick_detdup_33 ",
              "successor_id": "-1"
          },
          {
              "outcome_label": "player2-pick_detdup_34 ",
              "successor_id": "-1"
          },
          {
              "outcome_label": "player2-pick_detdup_35 ",
              "successor_id": "-1"
          },
          {
              "outcome_label": "player2-pick_detdup_36 ",
              "successor_id": "-1"
          },
          {
              "outcome_label": "player2-pick_detdup_37 ",
              "successor_id": "-1"
          },
          {
              "outcome_label": "player2-pick_detdup_38 ",
              "successor_id": "-1"
          },
          {
              "outcome_label": "player2-pick_detdup_39 ",
              "successor_id": "-1"
          },
          {
              "outcome_label": "player2-pick_detdup_4 ",
              "successor_id": "-1"
          },
          {
              "outcome_label": "player2-pick_detdup_40 ",
              "successor_id": "-1"
          },
          {
              "outcome_label": "player2-pick_detdup_41 ",
              "successor_id": "-1"
          },
          {
              "outcome_label": "player2-pick_detdup_42 ",
              "successor_id": "-1"
          },
          {
              "outcome_label": "player2-pick_detdup_43 ",
              "successor_id": "-1"
          },
          {
              "outcome_label": "player2-pick_detdup_44 ",
              "successor_id": "-1"
          },
          {
              "outcome_label": "player2-pick_detdup_45 ",
              "successor_id": "-1"
          },
          {
              "outcome_label": "player2-pick_detdup_46 ",
              "successor_id": "-1"
          },
          {
              "outcome_label": "player2-pick_detdup_47 ",
              "successor_id": "-1"
          },
          {
              "outcome_label": "player2-pick_detdup_48 ",
              "successor_id": "-1"
          },
          {
              "outcome_label": "player2-pick_detdup_49 ",
              "successor_id": "34"
          },
          {
              "outcome_label": "player2-pick_detdup_5 ",
              "successor_id": "33"
          },
          {
              "outcome_label": "player2-pick_detdup_6 ",
              "successor_id": "32"
          },
          {
              "outcome_label": "player2-pick_detdup_7 ",
              "successor_id": "31"
          },
          {
              "outcome_label": "player2-pick_detdup_8 ",
              "successor_id": "30"
          },
          {
              "outcome_label": "player2-pick_detdup_9 ",
              "successor_id": "27"
          }
         ]
      },
      "30": {
        "expected_successor": "29",
        "action": "player2_bite x1 y0",
        "state": "0x292b8980",
        "distance": 4,
        "is_relevant": 0,
        "is_goal": 0,
        "is_sc": 0,
        "successors": [
          {
              "outcome_label": "player2_bite x1 y0",
              "successor_id": "29"
          }
         ]
      },
      "31": {
        "expected_successor": "29",
        "action": "player2_bite x0 y6",
        "state": "0x2950cc90",
        "distance": 4,
        "is_relevant": 0,
        "is_goal": 0,
        "is_sc": 0,
        "successors": [
          {
              "outcome_label": "player2_bite x0 y6",
              "successor_id": "29"
          }
         ]
      },
      "32": {
        "expected_successor": "29",
        "action": "player2_bite x0 y5",
        "state": "0x297609b0",
        "distance": 4,
        "is_relevant": 0,
        "is_goal": 0,
        "is_sc": 0,
        "successors": [
          {
              "outcome_label": "player2_bite x0 y5",
              "successor_id": "29"
          }
         ]
      },
      "33": {
        "expected_successor": "29",
        "action": "player2_bite x0 y4",
        "state": "0x299b8020",
        "distance": 4,
        "is_relevant": 0,
        "is_goal": 0,
        "is_sc": 0,
        "successors": [
          {
              "outcome_label": "player2_bite x0 y4",
              "successor_id": "29"
          }
         ]
      },
      "35": {
        "expected_successor": "37",
        "action": "player2_bite x1 y1",
        "state": "0x29e74f60",
        "distance": 4,
        "is_relevant": 0,
        "is_goal": 0,
        "is_sc": 0,
        "successors": [
          {
              "outcome_label": "player2_bite x1 y1",
              "successor_id": "37"
          }
         ]
      },
      "36": {
        "expected_successor": "1",
        "action": "player2-pick ",
        "state": "0x29e754e0",
        "distance": 2,
        "is_relevant": 0,
        "is_goal": 0,
        "is_sc": 0,
        "successors": [
          {
              "outcome_label": "player2-pick_detdup_1 ",
              "successor_id": "1"
          },
          {
              "outcome_label": "player2-pick_detdup_10 ",
              "successor_id": "-1"
          },
          {
              "outcome_label": "player2-pick_detdup_11 ",
              "successor_id": "-1"
          },
          {
              "outcome_label": "player2-pick_detdup_12 ",
              "successor_id": "-1"
          },
          {
              "outcome_label": "player2-pick_detdup_13 ",
              "successor_id": "-1"
          },
          {
              "outcome_label": "player2-pick_detdup_14 ",
              "successor_id": "-1"
          },
          {
              "outcome_label": "player2-pick_detdup_15 ",
              "successor_id": "-1"
          },
          {
              "outcome_label": "player2-pick_detdup_16 ",
              "successor_id": "-1"
          },
          {
              "outcome_label": "player2-pick_detdup_17 ",
              "successor_id": "-1"
          },
          {
              "outcome_label": "player2-pick_detdup_18 ",
              "successor_id": "-1"
          },
          {
              "outcome_label": "player2-pick_detdup_19 ",
              "successor_id": "-1"
          },
          {
              "outcome_label": "player2-pick_detdup_2 ",
              "successor_id": "-1"
          },
          {
              "outcome_label": "player2-pick_detdup_20 ",
              "successor_id": "-1"
          },
          {
              "outcome_label": "player2-pick_detdup_21 ",
              "successor_id": "-1"
          },
          {
              "outcome_label": "player2-pick_detdup_22 ",
              "successor_id": "-1"
          },
          {
              "outcome_label": "player2-pick_detdup_23 ",
              "successor_id": "-1"
          },
          {
              "outcome_label": "player2-pick_detdup_24 ",
              "successor_id": "-1"
          },
          {
              "outcome_label": "player2-pick_detdup_25 ",
              "successor_id": "-1"
          },
          {
              "outcome_label": "player2-pick_detdup_26 ",
              "successor_id": "-1"
          },
          {
              "outcome_label": "player2-pick_detdup_27 ",
              "successor_id": "-1"
          },
          {
              "outcome_label": "player2-pick_detdup_28 ",
              "successor_id": "-1"
          },
          {
              "outcome_label": "player2-pick_detdup_29 ",
              "successor_id": "-1"
          },
          {
              "outcome_label": "player2-pick_detdup_3 ",
              "successor_id": "-1"
          },
          {
              "outcome_label": "player2-pick_detdup_30 ",
              "successor_id": "-1"
          },
          {
              "outcome_label": "player2-pick_detdup_31 ",
              "successor_id": "-1"
          },
          {
              "outcome_label": "player2-pick_detdup_32 ",
              "successor_id": "-1"
          },
          {
              "outcome_label": "player2-pick_detdup_33 ",
              "successor_id": "-1"
          },
          {
              "outcome_label": "player2-pick_detdup_34 ",
              "successor_id": "-1"
          },
          {
              "outcome_label": "player2-pick_detdup_35 ",
              "successor_id": "-1"
          },
          {
              "outcome_label": "player2-pick_detdup_36 ",
              "successor_id": "-1"
          },
          {
              "outcome_label": "player2-pick_detdup_37 ",
              "successor_id": "-1"
          },
          {
              "outcome_label": "player2-pick_detdup_38 ",
              "successor_id": "-1"
          },
          {
              "outcome_label": "player2-pick_detdup_39 ",
              "successor_id": "-1"
          },
          {
              "outcome_label": "player2-pick_detdup_4 ",
              "successor_id": "-1"
          },
          {
              "outcome_label": "player2-pick_detdup_40 ",
              "successor_id": "-1"
          },
          {
              "outcome_label": "player2-pick_detdup_41 ",
              "successor_id": "-1"
          },
          {
              "outcome_label": "player2-pick_detdup_42 ",
              "successor_id": "-1"
          },
          {
              "outcome_label": "player2-pick_detdup_43 ",
              "successor_id": "-1"
          },
          {
              "outcome_label": "player2-pick_detdup_44 ",
              "successor_id": "-1"
          },
          {
              "outcome_label": "player2-pick_detdup_45 ",
              "successor_id": "-1"
          },
          {
              "outcome_label": "player2-pick_detdup_46 ",
              "successor_id": "-1"
          },
          {
              "outcome_label": "player2-pick_detdup_47 ",
              "successor_id": "-1"
          },
          {
              "outcome_label": "player2-pick_detdup_48 ",
              "successor_id": "-1"
          },
          {
              "outcome_label": "player2-pick_detdup_49 ",
              "successor_id": "42"
          },
          {
              "outcome_label": "player2-pick_detdup_5 ",
              "successor_id": "41"
          },
          {
              "outcome_label": "player2-pick_detdup_6 ",
              "successor_id": "40"
          },
          {
              "outcome_label": "player2-pick_detdup_7 ",
              "successor_id": "39"
          },
          {
              "outcome_label": "player2-pick_detdup_8 ",
              "successor_id": "38"
          },
          {
              "outcome_label": "player2-pick_detdup_9 ",
              "successor_id": "35"
          }
         ]
      },
      "37": {
        "expected_successor": "36",
        "action": "player1_bite x6 y6",
        "state": "0x29e75a60",
        "distance": 3,
        "is_relevant": 0,
        "is_goal": 0,
        "is_sc": 0,
        "successors": [
          {
              "outcome_label": "player1_bite x6 y6",
              "successor_id": "36"
          }
         ]
      },
      "38": {
        "expected_successor": "37",
        "action": "player2_bite x1 y0",
        "state": "0x29e79610",
        "distance": 4,
        "is_relevant": 0,
        "is_goal": 0,
        "is_sc": 0,
        "successors": [
          {
              "outcome_label": "player2_bite x1 y0",
              "successor_id": "37"
          }
         ]
      },
      "39": {
        "expected_successor": "37",
        "action": "player2_bite x0 y6",
        "state": "0x2a0cf750",
        "distance": 4,
        "is_relevant": 0,
        "is_goal": 0,
        "is_sc": 0,
        "successors": [
          {
              "outcome_label": "player2_bite x0 y6",
              "successor_id": "37"
          }
         ]
      },
      "40": {
        "expected_successor": "37",
        "action": "player2_bite x0 y5",
        "state": "0x2a324760",
        "distance": 4,
        "is_relevant": 0,
        "is_goal": 0,
        "is_sc": 0,
        "successors": [
          {
              "outcome_label": "player2_bite x0 y5",
              "successor_id": "37"
          }
         ]
      },
      "41": {
        "expected_successor": "37",
        "action": "player2_bite x0 y4",
        "state": "0x2a7cc5c0",
        "distance": 4,
        "is_relevant": 0,
        "is_goal": 0,
        "is_sc": 0,
        "successors": [
          {
              "outcome_label": "player2_bite x0 y4",
              "successor_id": "37"
          }
         ]
      },
      "42": {
        "expected_successor": "37",
        "action": "player2_bite x6 y6",
        "state": "0x2a7cec90",
        "distance": 4,
        "is_relevant": 0,
        "is_goal": 0,
        "is_sc": 0,
        "successors": [
          {
              "outcome_label": "player2_bite x6 y6",
              "successor_id": "37"
          }
         ]
      }
    },
    "edges" : [
        ["1", ">", "0"],
        ["2", ">", "1"],
        ["2", ">", "-1"],
        ["2", ">", "-1"],
        ["2", ">", "-1"],
        ["2", ">", "-1"],
        ["2", ">", "-1"],
        ["2", ">", "-1"],
        ["2", ">", "-1"],
        ["2", ">", "-1"],
        ["2", ">", "-1"],
        ["2", ">", "-1"],
        ["2", ">", "-1"],
        ["2", ">", "-1"],
        ["2", ">", "-1"],
        ["2", ">", "-1"],
        ["2", ">", "-1"],
        ["2", ">", "-1"],
        ["2", ">", "-1"],
        ["2", ">", "-1"],
        ["2", ">", "-1"],
        ["2", ">", "-1"],
        ["2", ">", "-1"],
        ["2", ">", "-1"],
        ["2", ">", "-1"],
        ["2", ">", "-1"],
        ["2", ">", "-1"],
        ["2", ">", "-1"],
        ["2", ">", "-1"],
        ["2", ">", "-1"],
        ["2", ">", "-1"],
        ["2", ">", "-1"],
        ["2", ">", "-1"],
        ["2", ">", "-1"],
        ["2", ">", "-1"],
        ["2", ">", "-1"],
        ["2", ">", "-1"],
        ["2", ">", "-1"],
        ["2", ">", "-1"],
        ["2", ">", "-1"],
        ["2", ">", "-1"],
        ["2", ">", "-1"],
        ["2", ">", "-1"],
        ["2", ">", "-1"],
        ["2", ">", "-1"],
        ["2", ">", "-1"],
        ["2", ">", "-1"],
        ["2", ">", "-1"],
        ["2", ">", "-1"],
        ["2", ">", "4"],
        ["3", ">", "2"],
        ["4", ">", "7"],
        ["5", ">", "7"],
        ["7", ">", "6"],
        ["6", ">", "1"],
        ["6", ">", "-1"],
        ["6", ">", "-1"],
        ["6", ">", "-1"],
        ["6", ">", "-1"],
        ["6", ">", "-1"],
        ["6", ">", "-1"],
        ["6", ">", "-1"],
        ["6", ">", "-1"],
        ["6", ">", "-1"],
        ["6", ">", "-1"],
        ["6", ">", "-1"],
        ["6", ">", "-1"],
        ["6", ">", "-1"],
        ["6", ">", "-1"],
        ["6", ">", "-1"],
        ["6", ">", "-1"],
        ["6", ">", "-1"],
        ["6", ">", "-1"],
        ["6", ">", "-1"],
        ["6", ">", "-1"],
        ["6", ">", "-1"],
        ["6", ">", "-1"],
        ["6", ">", "-1"],
        ["6", ">", "-1"],
        ["6", ">", "-1"],
        ["6", ">", "-1"],
        ["6", ">", "-1"],
        ["6", ">", "-1"],
        ["6", ">", "-1"],
        ["6", ">", "-1"],
        ["6", ">", "-1"],
        ["6", ">", "-1"],
        ["6", ">", "-1"],
        ["6", ">", "-1"],
        ["6", ">", "-1"],
        ["6", ">", "-1"],
        ["6", ">", "-1"],
        ["6", ">", "-1"],
        ["6", ">", "-1"],
        ["6", ">", "-1"],
        ["6", ">", "-1"],
        ["6", ">", "-1"],
        ["6", ">", "-1"],
        ["6", ">", "-1"],
        ["6", ">", "-1"],
        ["6", ">", "-1"],
        ["6", ">", "8"],
        ["6", ">", "5"],
        ["8", ">", "11"],
        ["9", ">", "11"],
        ["11", ">", "10"],
        ["10", ">", "1"],
        ["10", ">", "-1"],
        ["10", ">", "-1"],
        ["10", ">", "-1"],
        ["10", ">", "-1"],
        ["10", ">", "-1"],
        ["10", ">", "-1"],
        ["10", ">", "-1"],
        ["10", ">", "-1"],
        ["10", ">", "-1"],
        ["10", ">", "-1"],
        ["10", ">", "-1"],
        ["10", ">", "-1"],
        ["10", ">", "-1"],
        ["10", ">", "-1"],
        ["10", ">", "-1"],
        ["10", ">", "-1"],
        ["10", ">", "-1"],
        ["10", ">", "-1"],
        ["10", ">", "-1"],
        ["10", ">", "-1"],
        ["10", ">", "-1"],
        ["10", ">", "-1"],
        ["10", ">", "-1"],
        ["10", ">", "-1"],
        ["10", ">", "-1"],
        ["10", ">", "-1"],
        ["10", ">", "-1"],
        ["10", ">", "-1"],
        ["10", ">", "-1"],
        ["10", ">", "-1"],
        ["10", ">", "-1"],
        ["10", ">", "-1"],
        ["10", ">", "-1"],
        ["10", ">", "-1"],
        ["10", ">", "-1"],
        ["10", ">", "-1"],
        ["10", ">", "-1"],
        ["10", ">", "-1"],
        ["10", ">", "-1"],
        ["10", ">", "-1"],
        ["10", ">", "-1"],
        ["10", ">", "-1"],
        ["10", ">", "-1"],
        ["10", ">", "-1"],
        ["10", ">", "-1"],
        ["10", ">", "13"],
        ["10", ">", "12"],
        ["10", ">", "9"],
        ["12", ">", "11"],
        ["13", ">", "16"],
        ["14", ">", "16"],
        ["16", ">", "15"],
        ["15", ">", "1"],
        ["15", ">", "-1"],
        ["15", ">", "-1"],
        ["15", ">", "-1"],
        ["15", ">", "-1"],
        ["15", ">", "-1"],
        ["15", ">", "-1"],
        ["15", ">", "-1"],
        ["15", ">", "-1"],
        ["15", ">", "-1"],
        ["15", ">", "-1"],
        ["15", ">", "-1"],
        ["15", ">", "-1"],
        ["15", ">", "-1"],
        ["15", ">", "-1"],
        ["15", ">", "-1"],
        ["15", ">", "-1"],
        ["15", ">", "-1"],
        ["15", ">", "-1"],
        ["15", ">", "-1"],
        ["15", ">", "-1"],
        ["15", ">", "-1"],
        ["15", ">", "-1"],
        ["15", ">", "-1"],
        ["15", ">", "-1"],
        ["15", ">", "-1"],
        ["15", ">", "-1"],
        ["15", ">", "-1"],
        ["15", ">", "-1"],
        ["15", ">", "-1"],
        ["15", ">", "-1"],
        ["15", ">", "-1"],
        ["15", ">", "-1"],
        ["15", ">", "-1"],
        ["15", ">", "-1"],
        ["15", ">", "-1"],
        ["15", ">", "-1"],
        ["15", ">", "-1"],
        ["15", ">", "-1"],
        ["15", ">", "-1"],
        ["15", ">", "-1"],
        ["15", ">", "-1"],
        ["15", ">", "-1"],
        ["15", ">", "-1"],
        ["15", ">", "-1"],
        ["15", ">", "19"],
        ["15", ">", "18"],
        ["15", ">", "17"],
        ["15", ">", "14"],
        ["17", ">", "16"],
        ["18", ">", "16"],
        ["19", ">", "22"],
        ["20", ">", "22"],
        ["22", ">", "21"],
        ["21", ">", "1"],
        ["21", ">", "-1"],
        ["21", ">", "-1"],
        ["21", ">", "-1"],
        ["21", ">", "-1"],
        ["21", ">", "-1"],
        ["21", ">", "-1"],
        ["21", ">", "-1"],
        ["21", ">", "-1"],
        ["21", ">", "-1"],
        ["21", ">", "-1"],
        ["21", ">", "-1"],
        ["21", ">", "-1"],
        ["21", ">", "-1"],
        ["21", ">", "-1"],
        ["21", ">", "-1"],
        ["21", ">", "-1"],
        ["21", ">", "-1"],
        ["21", ">", "-1"],
        ["21", ">", "-1"],
        ["21", ">", "-1"],
        ["21", ">", "-1"],
        ["21", ">", "-1"],
        ["21", ">", "-1"],
        ["21", ">", "-1"],
        ["21", ">", "-1"],
        ["21", ">", "-1"],
        ["21", ">", "-1"],
        ["21", ">", "-1"],
        ["21", ">", "-1"],
        ["21", ">", "-1"],
        ["21", ">", "-1"],
        ["21", ">", "-1"],
        ["21", ">", "-1"],
        ["21", ">", "-1"],
        ["21", ">", "-1"],
        ["21", ">", "-1"],
        ["21", ">", "-1"],
        ["21", ">", "-1"],
        ["21", ">", "-1"],
        ["21", ">", "-1"],
        ["21", ">", "-1"],
        ["21", ">", "-1"],
        ["21", ">", "-1"],
        ["21", ">", "26"],
        ["21", ">", "25"],
        ["21", ">", "24"],
        ["21", ">", "23"],
        ["21", ">", "20"],
        ["23", ">", "22"],
        ["24", ">", "22"],
        ["26", ">", "29"],
        ["25", ">", "22"],
        ["34", ">", "37"],
        ["27", ">", "29"],
        ["29", ">", "28"],
        ["28", ">", "1"],
        ["28", ">", "-1"],
        ["28", ">", "-1"],
        ["28", ">", "-1"],
        ["28", ">", "-1"],
        ["28", ">", "-1"],
        ["28", ">", "-1"],
        ["28", ">", "-1"],
        ["28", ">", "-1"],
        ["28", ">", "-1"],
        ["28", ">", "-1"],
        ["28", ">", "-1"],
        ["28", ">", "-1"],
        ["28", ">", "-1"],
        ["28", ">", "-1"],
        ["28", ">", "-1"],
        ["28", ">", "-1"],
        ["28", ">", "-1"],
        ["28", ">", "-1"],
        ["28", ">", "-1"],
        ["28", ">", "-1"],
        ["28", ">", "-1"],
        ["28", ">", "-1"],
        ["28", ">", "-1"],
        ["28", ">", "-1"],
        ["28", ">", "-1"],
        ["28", ">", "-1"],
        ["28", ">", "-1"],
        ["28", ">", "-1"],
        ["28", ">", "-1"],
        ["28", ">", "-1"],
        ["28", ">", "-1"],
        ["28", ">", "-1"],
        ["28", ">", "-1"],
        ["28", ">", "-1"],
        ["28", ">", "-1"],
        ["28", ">", "-1"],
        ["28", ">", "-1"],
        ["28", ">", "-1"],
        ["28", ">", "-1"],
        ["28", ">", "-1"],
        ["28", ">", "-1"],
        ["28", ">", "-1"],
        ["28", ">", "34"],
        ["28", ">", "33"],
        ["28", ">", "32"],
        ["28", ">", "31"],
        ["28", ">", "30"],
        ["28", ">", "27"],
        ["30", ">", "29"],
        ["31", ">", "29"],
        ["32", ">", "29"],
        ["33", ">", "29"],
        ["35", ">", "37"],
        ["36", ">", "1"],
        ["36", ">", "-1"],
        ["36", ">", "-1"],
        ["36", ">", "-1"],
        ["36", ">", "-1"],
        ["36", ">", "-1"],
        ["36", ">", "-1"],
        ["36", ">", "-1"],
        ["36", ">", "-1"],
        ["36", ">", "-1"],
        ["36", ">", "-1"],
        ["36", ">", "-1"],
        ["36", ">", "-1"],
        ["36", ">", "-1"],
        ["36", ">", "-1"],
        ["36", ">", "-1"],
        ["36", ">", "-1"],
        ["36", ">", "-1"],
        ["36", ">", "-1"],
        ["36", ">", "-1"],
        ["36", ">", "-1"],
        ["36", ">", "-1"],
        ["36", ">", "-1"],
        ["36", ">", "-1"],
        ["36", ">", "-1"],
        ["36", ">", "-1"],
        ["36", ">", "-1"],
        ["36", ">", "-1"],
        ["36", ">", "-1"],
        ["36", ">", "-1"],
        ["36", ">", "-1"],
        ["36", ">", "-1"],
        ["36", ">", "-1"],
        ["36", ">", "-1"],
        ["36", ">", "-1"],
        ["36", ">", "-1"],
        ["36", ">", "-1"],
        ["36", ">", "-1"],
        ["36", ">", "-1"],
        ["36", ">", "-1"],
        ["36", ">", "-1"],
        ["36", ">", "-1"],
        ["36", ">", "-1"],
        ["36", ">", "42"],
        ["36", ">", "41"],
        ["36", ">", "40"],
        ["36", ">", "39"],
        ["36", ">", "38"],
        ["36", ">", "35"],
        ["37", ">", "36"],
        ["38", ">", "37"],
        ["39", ">", "37"],
        ["40", ">", "37"],
        ["41", ">", "37"],
        ["42", ">", "37"]
    ],
    "states" : {
      "0x267967b0": [
        "Atom chosenp2(x0, y0)"
      ],
      "0x26a42010": [
        "Atom turn(player2)",
        "Atom selected(x0, y0)"
      ],
      "0x26a423d0": [
        "Atom turn(player2)",
        "NegatedAtom selected(x0, y0)",
        "NegatedAtom selected(x0, y1)",
        "NegatedAtom selected(x0, y2)",
        "NegatedAtom selected(x0, y3)",
        "NegatedAtom selected(x0, y4)",
        "NegatedAtom selected(x0, y5)",
        "NegatedAtom selected(x0, y6)",
        "NegatedAtom selected(x1, y0)",
        "NegatedAtom selected(x1, y1)",
        "NegatedAtom selected(x1, y2)",
        "NegatedAtom selected(x1, y3)",
        "NegatedAtom selected(x1, y4)",
        "NegatedAtom selected(x1, y5)",
        "NegatedAtom selected(x1, y6)",
        "NegatedAtom selected(x2, y0)",
        "NegatedAtom selected(x2, y1)",
        "NegatedAtom selected(x2, y2)",
        "NegatedAtom selected(x2, y3)",
        "NegatedAtom selected(x2, y4)",
        "NegatedAtom selected(x2, y5)",
        "NegatedAtom selected(x2, y6)",
        "NegatedAtom selected(x3, y0)",
        "NegatedAtom selected(x3, y1)",
        "NegatedAtom selected(x3, y2)",
        "NegatedAtom selected(x3, y3)",
        "NegatedAtom selected(x3, y4)",
        "NegatedAtom selected(x3, y5)",
        "NegatedAtom selected(x3, y6)",
        "NegatedAtom selected(x4, y0)",
        "NegatedAtom selected(x4, y1)",
        "NegatedAtom selected(x4, y2)",
        "NegatedAtom selected(x4, y3)",
        "NegatedAtom selected(x4, y4)",
        "NegatedAtom selected(x4, y5)",
        "NegatedAtom selected(x4, y6)",
        "NegatedAtom selected(x5, y0)",
        "NegatedAtom selected(x5, y1)",
        "NegatedAtom selected(x5, y2)",
        "NegatedAtom selected(x5, y3)",
        "NegatedAtom selected(x5, y4)",
        "NegatedAtom selected(x5, y5)",
        "NegatedAtom selected(x5, y6)",
        "NegatedAtom selected(x6, y0)",
        "NegatedAtom selected(x6, y1)",
        "NegatedAtom selected(x6, y2)",
        "NegatedAtom selected(x6, y3)",
        "NegatedAtom selected(x6, y4)",
        "NegatedAtom selected(x6, y5)",
        "NegatedAtom selected(x6, y6)"
      ],
      "0x26a42910": [
        "Atom turn(player1)",
        "NegatedAtom selected(x0, y0)",
        "NegatedAtom selected(x0, y1)",
        "NegatedAtom selected(x0, y2)",
        "NegatedAtom selected(x0, y3)",
        "NegatedAtom selected(x0, y4)",
        "NegatedAtom selected(x0, y5)",
        "NegatedAtom selected(x0, y6)",
        "NegatedAtom selected(x1, y0)",
        "NegatedAtom selected(x1, y1)",
        "NegatedAtom selected(x1, y2)",
        "NegatedAtom selected(x1, y3)",
        "NegatedAtom selected(x1, y4)",
        "NegatedAtom selected(x1, y5)",
        "NegatedAtom selected(x1, y6)",
        "NegatedAtom selected(x2, y0)",
        "NegatedAtom selected(x2, y1)",
        "NegatedAtom selected(x2, y2)",
        "NegatedAtom selected(x2, y3)",
        "NegatedAtom selected(x2, y4)",
        "NegatedAtom selected(x2, y5)",
        "NegatedAtom selected(x2, y6)",
        "NegatedAtom selected(x3, y0)",
        "NegatedAtom selected(x3, y1)",
        "NegatedAtom selected(x3, y2)",
        "NegatedAtom selected(x3, y3)",
        "NegatedAtom selected(x3, y4)",
        "NegatedAtom selected(x3, y5)",
        "NegatedAtom selected(x3, y6)",
        "NegatedAtom selected(x4, y0)",
        "NegatedAtom selected(x4, y1)",
        "NegatedAtom selected(x4, y2)",
        "NegatedAtom selected(x4, y3)",
        "NegatedAtom selected(x4, y4)",
        "NegatedAtom selected(x4, y5)",
        "NegatedAtom selected(x4, y6)",
        "NegatedAtom selected(x5, y0)",
        "NegatedAtom selected(x5, y1)",
        "NegatedAtom selected(x5, y2)",
        "NegatedAtom selected(x5, y3)",
        "NegatedAtom selected(x5, y4)",
        "NegatedAtom selected(x5, y5)",
        "NegatedAtom selected(x5, y6)",
        "NegatedAtom selected(x6, y0)",
        "NegatedAtom selected(x6, y1)",
        "NegatedAtom selected(x6, y2)",
        "NegatedAtom selected(x6, y3)",
        "NegatedAtom selected(x6, y4)",
        "NegatedAtom selected(x6, y5)",
        "NegatedAtom selected(x6, y6)"
      ],
      "0x26a3a5a0": [
        "Atom turn(player2)",
        "Atom selected(x1, y1)"
      ],
      "0x26f55130": [
        "Atom turn(player2)",
        "Atom selected(x1, y1)"
      ],
      "0x26f557c0": [
        "Atom turn(player1)",
        "NegatedAtom selected(x0, y0)",
        "NegatedAtom selected(x0, y1)",
        "NegatedAtom selected(x0, y2)",
        "NegatedAtom selected(x0, y3)",
        "NegatedAtom selected(x0, y4)",
        "NegatedAtom selected(x0, y5)",
        "NegatedAtom selected(x0, y6)",
        "NegatedAtom selected(x1, y0)",
        "NegatedAtom selected(x1, y1)",
        "NegatedAtom selected(x1, y2)",
        "NegatedAtom selected(x1, y3)",
        "NegatedAtom selected(x1, y4)",
        "NegatedAtom selected(x1, y5)",
        "NegatedAtom selected(x1, y6)",
        "NegatedAtom selected(x2, y0)",
        "NegatedAtom selected(x2, y1)",
        "NegatedAtom selected(x2, y2)",
        "NegatedAtom selected(x2, y3)",
        "NegatedAtom selected(x2, y4)",
        "NegatedAtom selected(x2, y5)",
        "NegatedAtom selected(x2, y6)",
        "NegatedAtom selected(x3, y0)",
        "NegatedAtom selected(x3, y1)",
        "NegatedAtom selected(x3, y2)",
        "NegatedAtom selected(x3, y3)",
        "NegatedAtom selected(x3, y4)",
        "NegatedAtom selected(x3, y5)",
        "NegatedAtom selected(x3, y6)",
        "NegatedAtom selected(x4, y0)",
        "NegatedAtom selected(x4, y1)",
        "NegatedAtom selected(x4, y2)",
        "NegatedAtom selected(x4, y3)",
        "NegatedAtom selected(x4, y4)",
        "NegatedAtom selected(x4, y5)",
        "NegatedAtom selected(x4, y6)",
        "NegatedAtom selected(x5, y0)",
        "NegatedAtom selected(x5, y1)",
        "NegatedAtom selected(x5, y2)",
        "NegatedAtom selected(x5, y3)",
        "NegatedAtom selected(x5, y4)",
        "NegatedAtom selected(x5, y5)",
        "NegatedAtom selected(x5, y6)",
        "NegatedAtom selected(x6, y0)",
        "NegatedAtom selected(x6, y1)",
        "NegatedAtom selected(x6, y2)",
        "NegatedAtom selected(x6, y3)",
        "NegatedAtom selected(x6, y4)",
        "NegatedAtom selected(x6, y5)",
        "NegatedAtom selected(x6, y6)"
      ],
      "0x26f53d80": [
        "Atom turn(player2)",
        "NegatedAtom selected(x0, y0)",
        "NegatedAtom selected(x0, y1)",
        "NegatedAtom selected(x0, y2)",
        "NegatedAtom selected(x0, y3)",
        "NegatedAtom selected(x0, y4)",
        "NegatedAtom selected(x0, y5)",
        "NegatedAtom selected(x0, y6)",
        "NegatedAtom selected(x1, y0)",
        "NegatedAtom selected(x1, y1)",
        "NegatedAtom selected(x1, y2)",
        "NegatedAtom selected(x1, y3)",
        "NegatedAtom selected(x1, y4)",
        "NegatedAtom selected(x1, y5)",
        "NegatedAtom selected(x1, y6)",
        "NegatedAtom selected(x2, y0)",
        "NegatedAtom selected(x2, y1)",
        "NegatedAtom selected(x2, y2)",
        "NegatedAtom selected(x2, y3)",
        "NegatedAtom selected(x2, y4)",
        "NegatedAtom selected(x2, y5)",
        "NegatedAtom selected(x2, y6)",
        "NegatedAtom selected(x3, y0)",
        "NegatedAtom selected(x3, y1)",
        "NegatedAtom selected(x3, y2)",
        "NegatedAtom selected(x3, y3)",
        "NegatedAtom selected(x3, y4)",
        "NegatedAtom selected(x3, y5)",
        "NegatedAtom selected(x3, y6)",
        "NegatedAtom selected(x4, y0)",
        "NegatedAtom selected(x4, y1)",
        "NegatedAtom selected(x4, y2)",
        "NegatedAtom selected(x4, y3)",
        "NegatedAtom selected(x4, y4)",
        "NegatedAtom selected(x4, y5)",
        "NegatedAtom selected(x4, y6)",
        "NegatedAtom selected(x5, y0)",
        "NegatedAtom selected(x5, y1)",
        "NegatedAtom selected(x5, y2)",
        "NegatedAtom selected(x5, y3)",
        "NegatedAtom selected(x5, y4)",
        "NegatedAtom selected(x5, y5)",
        "NegatedAtom selected(x5, y6)",
        "NegatedAtom selected(x6, y0)",
        "NegatedAtom selected(x6, y1)",
        "NegatedAtom selected(x6, y2)",
        "NegatedAtom selected(x6, y3)",
        "NegatedAtom selected(x6, y4)",
        "NegatedAtom selected(x6, y5)",
        "NegatedAtom selected(x6, y6)"
      ],
      "0x271a82d0": [
        "Atom turn(player2)",
        "Atom selected(x1, y0)"
      ],
      "0x27414770": [
        "Atom turn(player2)",
        "Atom selected(x1, y1)"
      ],
      "0x27414a50": [
        "Atom turn(player1)",
        "NegatedAtom selected(x0, y0)",
        "NegatedAtom selected(x0, y1)",
        "NegatedAtom selected(x0, y2)",
        "NegatedAtom selected(x0, y3)",
        "NegatedAtom selected(x0, y4)",
        "NegatedAtom selected(x0, y5)",
        "NegatedAtom selected(x0, y6)",
        "NegatedAtom selected(x1, y0)",
        "NegatedAtom selected(x1, y1)",
        "NegatedAtom selected(x1, y2)",
        "NegatedAtom selected(x1, y3)",
        "NegatedAtom selected(x1, y4)",
        "NegatedAtom selected(x1, y5)",
        "NegatedAtom selected(x1, y6)",
        "NegatedAtom selected(x2, y0)",
        "NegatedAtom selected(x2, y1)",
        "NegatedAtom selected(x2, y2)",
        "NegatedAtom selected(x2, y3)",
        "NegatedAtom selected(x2, y4)",
        "NegatedAtom selected(x2, y5)",
        "NegatedAtom selected(x2, y6)",
        "NegatedAtom selected(x3, y0)",
        "NegatedAtom selected(x3, y1)",
        "NegatedAtom selected(x3, y2)",
        "NegatedAtom selected(x3, y3)",
        "NegatedAtom selected(x3, y4)",
        "NegatedAtom selected(x3, y5)",
        "NegatedAtom selected(x3, y6)",
        "NegatedAtom selected(x4, y0)",
        "NegatedAtom selected(x4, y1)",
        "NegatedAtom selected(x4, y2)",
        "NegatedAtom selected(x4, y3)",
        "NegatedAtom selected(x4, y4)",
        "NegatedAtom selected(x4, y5)",
        "NegatedAtom selected(x4, y6)",
        "NegatedAtom selected(x5, y0)",
        "NegatedAtom selected(x5, y1)",
        "NegatedAtom selected(x5, y2)",
        "NegatedAtom selected(x5, y3)",
        "NegatedAtom selected(x5, y4)",
        "NegatedAtom selected(x5, y5)",
        "NegatedAtom selected(x5, y6)",
        "NegatedAtom selected(x6, y0)",
        "NegatedAtom selected(x6, y1)",
        "NegatedAtom selected(x6, y2)",
        "NegatedAtom selected(x6, y3)",
        "NegatedAtom selected(x6, y4)",
        "NegatedAtom selected(x6, y5)",
        "NegatedAtom selected(x6, y6)"
      ],
      "0x27412f90": [
        "Atom turn(player2)",
        "NegatedAtom selected(x0, y0)",
        "NegatedAtom selected(x0, y1)",
        "NegatedAtom selected(x0, y2)",
        "NegatedAtom selected(x0, y3)",
        "NegatedAtom selected(x0, y4)",
        "NegatedAtom selected(x0, y5)",
        "NegatedAtom selected(x0, y6)",
        "NegatedAtom selected(x1, y0)",
        "NegatedAtom selected(x1, y1)",
        "NegatedAtom selected(x1, y2)",
        "NegatedAtom selected(x1, y3)",
        "NegatedAtom selected(x1, y4)",
        "NegatedAtom selected(x1, y5)",
        "NegatedAtom selected(x1, y6)",
        "NegatedAtom selected(x2, y0)",
        "NegatedAtom selected(x2, y1)",
        "NegatedAtom selected(x2, y2)",
        "NegatedAtom selected(x2, y3)",
        "NegatedAtom selected(x2, y4)",
        "NegatedAtom selected(x2, y5)",
        "NegatedAtom selected(x2, y6)",
        "NegatedAtom selected(x3, y0)",
        "NegatedAtom selected(x3, y1)",
        "NegatedAtom selected(x3, y2)",
        "NegatedAtom selected(x3, y3)",
        "NegatedAtom selected(x3, y4)",
        "NegatedAtom selected(x3, y5)",
        "NegatedAtom selected(x3, y6)",
        "NegatedAtom selected(x4, y0)",
        "NegatedAtom selected(x4, y1)",
        "NegatedAtom selected(x4, y2)",
        "NegatedAtom selected(x4, y3)",
        "NegatedAtom selected(x4, y4)",
        "NegatedAtom selected(x4, y5)",
        "NegatedAtom selected(x4, y6)",
        "NegatedAtom selected(x5, y0)",
        "NegatedAtom selected(x5, y1)",
        "NegatedAtom selected(x5, y2)",
        "NegatedAtom selected(x5, y3)",
        "NegatedAtom selected(x5, y4)",
        "NegatedAtom selected(x5, y5)",
        "NegatedAtom selected(x5, y6)",
        "NegatedAtom selected(x6, y0)",
        "NegatedAtom selected(x6, y1)",
        "NegatedAtom selected(x6, y2)",
        "NegatedAtom selected(x6, y3)",
        "NegatedAtom selected(x6, y4)",
        "NegatedAtom selected(x6, y5)",
        "NegatedAtom selected(x6, y6)"
      ],
      "0x2766c8c0": [
        "Atom turn(player2)",
        "Atom selected(x1, y0)"
      ],
      "0x278c66d0": [
        "Atom turn(player2)",
        "Atom selected(x0, y6)"
      ],
      "0x27b2fe00": [
        "Atom turn(player2)",
        "Atom selected(x1, y1)"
      ],
      "0x27b30000": [
        "Atom turn(player1)",
        "NegatedAtom selected(x0, y0)",
        "NegatedAtom selected(x0, y1)",
        "NegatedAtom selected(x0, y2)",
        "NegatedAtom selected(x0, y3)",
        "NegatedAtom selected(x0, y4)",
        "NegatedAtom selected(x0, y5)",
        "NegatedAtom selected(x0, y6)",
        "NegatedAtom selected(x1, y0)",
        "NegatedAtom selected(x1, y1)",
        "NegatedAtom selected(x1, y2)",
        "NegatedAtom selected(x1, y3)",
        "NegatedAtom selected(x1, y4)",
        "NegatedAtom selected(x1, y5)",
        "NegatedAtom selected(x1, y6)",
        "NegatedAtom selected(x2, y0)",
        "NegatedAtom selected(x2, y1)",
        "NegatedAtom selected(x2, y2)",
        "NegatedAtom selected(x2, y3)",
        "NegatedAtom selected(x2, y4)",
        "NegatedAtom selected(x2, y5)",
        "NegatedAtom selected(x2, y6)",
        "NegatedAtom selected(x3, y0)",
        "NegatedAtom selected(x3, y1)",
        "NegatedAtom selected(x3, y2)",
        "NegatedAtom selected(x3, y3)",
        "NegatedAtom selected(x3, y4)",
        "NegatedAtom selected(x3, y5)",
        "NegatedAtom selected(x3, y6)",
        "NegatedAtom selected(x4, y0)",
        "NegatedAtom selected(x4, y1)",
        "NegatedAtom selected(x4, y2)",
        "NegatedAtom selected(x4, y3)",
        "NegatedAtom selected(x4, y4)",
        "NegatedAtom selected(x4, y5)",
        "NegatedAtom selected(x4, y6)",
        "NegatedAtom selected(x5, y0)",
        "NegatedAtom selected(x5, y1)",
        "NegatedAtom selected(x5, y2)",
        "NegatedAtom selected(x5, y3)",
        "NegatedAtom selected(x5, y4)",
        "NegatedAtom selected(x5, y5)",
        "NegatedAtom selected(x5, y6)",
        "NegatedAtom selected(x6, y0)",
        "NegatedAtom selected(x6, y1)",
        "NegatedAtom selected(x6, y2)",
        "NegatedAtom selected(x6, y3)",
        "NegatedAtom selected(x6, y4)",
        "NegatedAtom selected(x6, y5)",
        "NegatedAtom selected(x6, y6)"
      ],
      "0x27b2e550": [
        "Atom turn(player2)",
        "NegatedAtom selected(x0, y0)",
        "NegatedAtom selected(x0, y1)",
        "NegatedAtom selected(x0, y2)",
        "NegatedAtom selected(x0, y3)",
        "NegatedAtom selected(x0, y4)",
        "NegatedAtom selected(x0, y5)",
        "NegatedAtom selected(x0, y6)",
        "NegatedAtom selected(x1, y0)",
        "NegatedAtom selected(x1, y1)",
        "NegatedAtom selected(x1, y2)",
        "NegatedAtom selected(x1, y3)",
        "NegatedAtom selected(x1, y4)",
        "NegatedAtom selected(x1, y5)",
        "NegatedAtom selected(x1, y6)",
        "NegatedAtom selected(x2, y0)",
        "NegatedAtom selected(x2, y1)",
        "NegatedAtom selected(x2, y2)",
        "NegatedAtom selected(x2, y3)",
        "NegatedAtom selected(x2, y4)",
        "NegatedAtom selected(x2, y5)",
        "NegatedAtom selected(x2, y6)",
        "NegatedAtom selected(x3, y0)",
        "NegatedAtom selected(x3, y1)",
        "NegatedAtom selected(x3, y2)",
        "NegatedAtom selected(x3, y3)",
        "NegatedAtom selected(x3, y4)",
        "NegatedAtom selected(x3, y5)",
        "NegatedAtom selected(x3, y6)",
        "NegatedAtom selected(x4, y0)",
        "NegatedAtom selected(x4, y1)",
        "NegatedAtom selected(x4, y2)",
        "NegatedAtom selected(x4, y3)",
        "NegatedAtom selected(x4, y4)",
        "NegatedAtom selected(x4, y5)",
        "NegatedAtom selected(x4, y6)",
        "NegatedAtom selected(x5, y0)",
        "NegatedAtom selected(x5, y1)",
        "NegatedAtom selected(x5, y2)",
        "NegatedAtom selected(x5, y3)",
        "NegatedAtom selected(x5, y4)",
        "NegatedAtom selected(x5, y5)",
        "NegatedAtom selected(x5, y6)",
        "NegatedAtom selected(x6, y0)",
        "NegatedAtom selected(x6, y1)",
        "NegatedAtom selected(x6, y2)",
        "NegatedAtom selected(x6, y3)",
        "NegatedAtom selected(x6, y4)",
        "NegatedAtom selected(x6, y5)",
        "NegatedAtom selected(x6, y6)"
      ],
      "0x27d878f0": [
        "Atom turn(player2)",
        "Atom selected(x1, y0)"
      ],
      "0x27fdc8b0": [
        "Atom turn(player2)",
        "Atom selected(x0, y6)"
      ],
      "0x27fdd0f0": [
        "Atom turn(player2)",
        "Atom selected(x0, y5)"
      ],
      "0x2849afe0": [
        "Atom turn(player2)",
        "Atom selected(x1, y1)"
      ],
      "0x2849cb50": [
        "Atom turn(player1)",
        "NegatedAtom selected(x0, y0)",
        "NegatedAtom selected(x0, y1)",
        "NegatedAtom selected(x0, y2)",
        "NegatedAtom selected(x0, y3)",
        "NegatedAtom selected(x0, y4)",
        "NegatedAtom selected(x0, y5)",
        "NegatedAtom selected(x0, y6)",
        "NegatedAtom selected(x1, y0)",
        "NegatedAtom selected(x1, y1)",
        "NegatedAtom selected(x1, y2)",
        "NegatedAtom selected(x1, y3)",
        "NegatedAtom selected(x1, y4)",
        "NegatedAtom selected(x1, y5)",
        "NegatedAtom selected(x1, y6)",
        "NegatedAtom selected(x2, y0)",
        "NegatedAtom selected(x2, y1)",
        "NegatedAtom selected(x2, y2)",
        "NegatedAtom selected(x2, y3)",
        "NegatedAtom selected(x2, y4)",
        "NegatedAtom selected(x2, y5)",
        "NegatedAtom selected(x2, y6)",
        "NegatedAtom selected(x3, y0)",
        "NegatedAtom selected(x3, y1)",
        "NegatedAtom selected(x3, y2)",
        "NegatedAtom selected(x3, y3)",
        "NegatedAtom selected(x3, y4)",
        "NegatedAtom selected(x3, y5)",
        "NegatedAtom selected(x3, y6)",
        "NegatedAtom selected(x4, y0)",
        "NegatedAtom selected(x4, y1)",
        "NegatedAtom selected(x4, y2)",
        "NegatedAtom selected(x4, y3)",
        "NegatedAtom selected(x4, y4)",
        "NegatedAtom selected(x4, y5)",
        "NegatedAtom selected(x4, y6)",
        "NegatedAtom selected(x5, y0)",
        "NegatedAtom selected(x5, y1)",
        "NegatedAtom selected(x5, y2)",
        "NegatedAtom selected(x5, y3)",
        "NegatedAtom selected(x5, y4)",
        "NegatedAtom selected(x5, y5)",
        "NegatedAtom selected(x5, y6)",
        "NegatedAtom selected(x6, y0)",
        "NegatedAtom selected(x6, y1)",
        "NegatedAtom selected(x6, y2)",
        "NegatedAtom selected(x6, y3)",
        "NegatedAtom selected(x6, y4)",
        "NegatedAtom selected(x6, y5)",
        "NegatedAtom selected(x6, y6)"
      ],
      "0x2849b0f0": [
        "Atom turn(player2)",
        "NegatedAtom selected(x0, y0)",
        "NegatedAtom selected(x0, y1)",
        "NegatedAtom selected(x0, y2)",
        "NegatedAtom selected(x0, y3)",
        "NegatedAtom selected(x0, y4)",
        "NegatedAtom selected(x0, y5)",
        "NegatedAtom selected(x0, y6)",
        "NegatedAtom selected(x1, y0)",
        "NegatedAtom selected(x1, y1)",
        "NegatedAtom selected(x1, y2)",
        "NegatedAtom selected(x1, y3)",
        "NegatedAtom selected(x1, y4)",
        "NegatedAtom selected(x1, y5)",
        "NegatedAtom selected(x1, y6)",
        "NegatedAtom selected(x2, y0)",
        "NegatedAtom selected(x2, y1)",
        "NegatedAtom selected(x2, y2)",
        "NegatedAtom selected(x2, y3)",
        "NegatedAtom selected(x2, y4)",
        "NegatedAtom selected(x2, y5)",
        "NegatedAtom selected(x2, y6)",
        "NegatedAtom selected(x3, y0)",
        "NegatedAtom selected(x3, y1)",
        "NegatedAtom selected(x3, y2)",
        "NegatedAtom selected(x3, y3)",
        "NegatedAtom selected(x3, y4)",
        "NegatedAtom selected(x3, y5)",
        "NegatedAtom selected(x3, y6)",
        "NegatedAtom selected(x4, y0)",
        "NegatedAtom selected(x4, y1)",
        "NegatedAtom selected(x4, y2)",
        "NegatedAtom selected(x4, y3)",
        "NegatedAtom selected(x4, y4)",
        "NegatedAtom selected(x4, y5)",
        "NegatedAtom selected(x4, y6)",
        "NegatedAtom selected(x5, y0)",
        "NegatedAtom selected(x5, y1)",
        "NegatedAtom selected(x5, y2)",
        "NegatedAtom selected(x5, y3)",
        "NegatedAtom selected(x5, y4)",
        "NegatedAtom selected(x5, y5)",
        "NegatedAtom selected(x5, y6)",
        "NegatedAtom selected(x6, y0)",
        "NegatedAtom selected(x6, y1)",
        "NegatedAtom selected(x6, y2)",
        "NegatedAtom selected(x6, y3)",
        "NegatedAtom selected(x6, y4)",
        "NegatedAtom selected(x6, y5)",
        "NegatedAtom selected(x6, y6)"
      ],
      "0x286f2310": [
        "Atom turn(player2)",
        "Atom selected(x1, y0)"
      ],
      "0x28947780": [
        "Atom turn(player2)",
        "Atom selected(x0, y6)"
      ],
      "0x28dfef40": [
        "Atom turn(player2)",
        "Atom selected(x0, y4)"
      ],
      "0x28b9e890": [
        "Atom turn(player2)",
        "Atom selected(x0, y5)"
      ],
      "0x29763590": [
        "Atom turn(player2)",
        "Atom selected(x6, y6)"
      ],
      "0x2905ff90": [
        "Atom turn(player2)",
        "Atom selected(x1, y1)"
      ],
      "0x29061b00": [
        "Atom turn(player1)",
        "NegatedAtom selected(x0, y0)",
        "NegatedAtom selected(x0, y1)",
        "NegatedAtom selected(x0, y2)",
        "NegatedAtom selected(x0, y3)",
        "NegatedAtom selected(x0, y4)",
        "NegatedAtom selected(x0, y5)",
        "NegatedAtom selected(x0, y6)",
        "NegatedAtom selected(x1, y0)",
        "NegatedAtom selected(x1, y1)",
        "NegatedAtom selected(x1, y2)",
        "NegatedAtom selected(x1, y3)",
        "NegatedAtom selected(x1, y4)",
        "NegatedAtom selected(x1, y5)",
        "NegatedAtom selected(x1, y6)",
        "NegatedAtom selected(x2, y0)",
        "NegatedAtom selected(x2, y1)",
        "NegatedAtom selected(x2, y2)",
        "NegatedAtom selected(x2, y3)",
        "NegatedAtom selected(x2, y4)",
        "NegatedAtom selected(x2, y5)",
        "NegatedAtom selected(x2, y6)",
        "NegatedAtom selected(x3, y0)",
        "NegatedAtom selected(x3, y1)",
        "NegatedAtom selected(x3, y2)",
        "NegatedAtom selected(x3, y3)",
        "NegatedAtom selected(x3, y4)",
        "NegatedAtom selected(x3, y5)",
        "NegatedAtom selected(x3, y6)",
        "NegatedAtom selected(x4, y0)",
        "NegatedAtom selected(x4, y1)",
        "NegatedAtom selected(x4, y2)",
        "NegatedAtom selected(x4, y3)",
        "NegatedAtom selected(x4, y4)",
        "NegatedAtom selected(x4, y5)",
        "NegatedAtom selected(x4, y6)",
        "NegatedAtom selected(x5, y0)",
        "NegatedAtom selected(x5, y1)",
        "NegatedAtom selected(x5, y2)",
        "NegatedAtom selected(x5, y3)",
        "NegatedAtom selected(x5, y4)",
        "NegatedAtom selected(x5, y5)",
        "NegatedAtom selected(x5, y6)",
        "NegatedAtom selected(x6, y0)",
        "NegatedAtom selected(x6, y1)",
        "NegatedAtom selected(x6, y2)",
        "NegatedAtom selected(x6, y3)",
        "NegatedAtom selected(x6, y4)",
        "NegatedAtom selected(x6, y5)",
        "NegatedAtom selected(x6, y6)"
      ],
      "0x290600a0": [
        "Atom turn(player2)",
        "NegatedAtom selected(x0, y0)",
        "NegatedAtom selected(x0, y1)",
        "NegatedAtom selected(x0, y2)",
        "NegatedAtom selected(x0, y3)",
        "NegatedAtom selected(x0, y4)",
        "NegatedAtom selected(x0, y5)",
        "NegatedAtom selected(x0, y6)",
        "NegatedAtom selected(x1, y0)",
        "NegatedAtom selected(x1, y1)",
        "NegatedAtom selected(x1, y2)",
        "NegatedAtom selected(x1, y3)",
        "NegatedAtom selected(x1, y4)",
        "NegatedAtom selected(x1, y5)",
        "NegatedAtom selected(x1, y6)",
        "NegatedAtom selected(x2, y0)",
        "NegatedAtom selected(x2, y1)",
        "NegatedAtom selected(x2, y2)",
        "NegatedAtom selected(x2, y3)",
        "NegatedAtom selected(x2, y4)",
        "NegatedAtom selected(x2, y5)",
        "NegatedAtom selected(x2, y6)",
        "NegatedAtom selected(x3, y0)",
        "NegatedAtom selected(x3, y1)",
        "NegatedAtom selected(x3, y2)",
        "NegatedAtom selected(x3, y3)",
        "NegatedAtom selected(x3, y4)",
        "NegatedAtom selected(x3, y5)",
        "NegatedAtom selected(x3, y6)",
        "NegatedAtom selected(x4, y0)",
        "NegatedAtom selected(x4, y1)",
        "NegatedAtom selected(x4, y2)",
        "NegatedAtom selected(x4, y3)",
        "NegatedAtom selected(x4, y4)",
        "NegatedAtom selected(x4, y5)",
        "NegatedAtom selected(x4, y6)",
        "NegatedAtom selected(x5, y0)",
        "NegatedAtom selected(x5, y1)",
        "NegatedAtom selected(x5, y2)",
        "NegatedAtom selected(x5, y3)",
        "NegatedAtom selected(x5, y4)",
        "NegatedAtom selected(x5, y5)",
        "NegatedAtom selected(x5, y6)",
        "NegatedAtom selected(x6, y0)",
        "NegatedAtom selected(x6, y1)",
        "NegatedAtom selected(x6, y2)",
        "NegatedAtom selected(x6, y3)",
        "NegatedAtom selected(x6, y4)",
        "NegatedAtom selected(x6, y5)",
        "NegatedAtom selected(x6, y6)"
      ],
      "0x292b8980": [
        "Atom turn(player2)",
        "Atom selected(x1, y0)"
      ],
      "0x2950cc90": [
        "Atom turn(player2)",
        "Atom selected(x0, y6)"
      ],
      "0x297609b0": [
        "Atom turn(player2)",
        "Atom selected(x0, y5)"
      ],
      "0x299b8020": [
        "Atom turn(player2)",
        "Atom selected(x0, y4)"
      ],
      "0x29e74f60": [
        "Atom turn(player2)",
        "Atom selected(x1, y1)"
      ],
      "0x29e754e0": [
        "Atom turn(player2)",
        "NegatedAtom selected(x0, y0)",
        "NegatedAtom selected(x0, y1)",
        "NegatedAtom selected(x0, y2)",
        "NegatedAtom selected(x0, y3)",
        "NegatedAtom selected(x0, y4)",
        "NegatedAtom selected(x0, y5)",
        "NegatedAtom selected(x0, y6)",
        "NegatedAtom selected(x1, y0)",
        "NegatedAtom selected(x1, y1)",
        "NegatedAtom selected(x1, y2)",
        "NegatedAtom selected(x1, y3)",
        "NegatedAtom selected(x1, y4)",
        "NegatedAtom selected(x1, y5)",
        "NegatedAtom selected(x1, y6)",
        "NegatedAtom selected(x2, y0)",
        "NegatedAtom selected(x2, y1)",
        "NegatedAtom selected(x2, y2)",
        "NegatedAtom selected(x2, y3)",
        "NegatedAtom selected(x2, y4)",
        "NegatedAtom selected(x2, y5)",
        "NegatedAtom selected(x2, y6)",
        "NegatedAtom selected(x3, y0)",
        "NegatedAtom selected(x3, y1)",
        "NegatedAtom selected(x3, y2)",
        "NegatedAtom selected(x3, y3)",
        "NegatedAtom selected(x3, y4)",
        "NegatedAtom selected(x3, y5)",
        "NegatedAtom selected(x3, y6)",
        "NegatedAtom selected(x4, y0)",
        "NegatedAtom selected(x4, y1)",
        "NegatedAtom selected(x4, y2)",
        "NegatedAtom selected(x4, y3)",
        "NegatedAtom selected(x4, y4)",
        "NegatedAtom selected(x4, y5)",
        "NegatedAtom selected(x4, y6)",
        "NegatedAtom selected(x5, y0)",
        "NegatedAtom selected(x5, y1)",
        "NegatedAtom selected(x5, y2)",
        "NegatedAtom selected(x5, y3)",
        "NegatedAtom selected(x5, y4)",
        "NegatedAtom selected(x5, y5)",
        "NegatedAtom selected(x5, y6)",
        "NegatedAtom selected(x6, y0)",
        "NegatedAtom selected(x6, y1)",
        "NegatedAtom selected(x6, y2)",
        "NegatedAtom selected(x6, y3)",
        "NegatedAtom selected(x6, y4)",
        "NegatedAtom selected(x6, y5)",
        "NegatedAtom selected(x6, y6)"
      ],
      "0x29e75a60": [
        "Atom turn(player1)",
        "NegatedAtom selected(x0, y0)",
        "NegatedAtom selected(x0, y1)",
        "NegatedAtom selected(x0, y2)",
        "NegatedAtom selected(x0, y3)",
        "NegatedAtom selected(x0, y4)",
        "NegatedAtom selected(x0, y5)",
        "NegatedAtom selected(x0, y6)",
        "NegatedAtom selected(x1, y0)",
        "NegatedAtom selected(x1, y1)",
        "NegatedAtom selected(x1, y2)",
        "NegatedAtom selected(x1, y3)",
        "NegatedAtom selected(x1, y4)",
        "NegatedAtom selected(x1, y5)",
        "NegatedAtom selected(x1, y6)",
        "NegatedAtom selected(x2, y0)",
        "NegatedAtom selected(x2, y1)",
        "NegatedAtom selected(x2, y2)",
        "NegatedAtom selected(x2, y3)",
        "NegatedAtom selected(x2, y4)",
        "NegatedAtom selected(x2, y5)",
        "NegatedAtom selected(x2, y6)",
        "NegatedAtom selected(x3, y0)",
        "NegatedAtom selected(x3, y1)",
        "NegatedAtom selected(x3, y2)",
        "NegatedAtom selected(x3, y3)",
        "NegatedAtom selected(x3, y4)",
        "NegatedAtom selected(x3, y5)",
        "NegatedAtom selected(x3, y6)",
        "NegatedAtom selected(x4, y0)",
        "NegatedAtom selected(x4, y1)",
        "NegatedAtom selected(x4, y2)",
        "NegatedAtom selected(x4, y3)",
        "NegatedAtom selected(x4, y4)",
        "NegatedAtom selected(x4, y5)",
        "NegatedAtom selected(x4, y6)",
        "NegatedAtom selected(x5, y0)",
        "NegatedAtom selected(x5, y1)",
        "NegatedAtom selected(x5, y2)",
        "NegatedAtom selected(x5, y3)",
        "NegatedAtom selected(x5, y4)",
        "NegatedAtom selected(x5, y5)",
        "NegatedAtom selected(x5, y6)",
        "NegatedAtom selected(x6, y0)",
        "NegatedAtom selected(x6, y1)",
        "NegatedAtom selected(x6, y2)",
        "NegatedAtom selected(x6, y3)",
        "NegatedAtom selected(x6, y4)",
        "NegatedAtom selected(x6, y5)",
        "NegatedAtom selected(x6, y6)"
      ],
      "0x29e79610": [
        "Atom turn(player2)",
        "Atom selected(x1, y0)"
      ],
      "0x2a0cf750": [
        "Atom turn(player2)",
        "Atom selected(x0, y6)"
      ],
      "0x2a324760": [
        "Atom turn(player2)",
        "Atom selected(x0, y5)"
      ],
      "0x2a7cc5c0": [
        "Atom turn(player2)",
        "Atom selected(x0, y4)"
      ],
      "0x2a7cec90": [
        "Atom turn(player2)",
        "Atom selected(x6, y6)"
      ]
     }
  },
  "policy": "Coming soon...",
  "ps2fs": {
    0: {51: 51, },
    1: {2: 2, },
    2: {1: 1, },
    3: {0: 0, },
    4: {50: 50, },
    5: {102: 102, },
    7: {52: 52, },
    6: {53: 53, },
    8: {101: 101, },
    9: {154: 154, },
    11: {104: 104, },
    10: {105: 105, },
    12: {153: 153, },
    13: {152: 152, },
    14: {207: 207, },
    16: {157: 157, },
    15: {158: 158, },
    17: {206: 206, },
    18: {205: 205, },
    19: {204: 204, },
    20: {261: 261, },
    22: {211: 211, },
    21: {212: 212, },
    23: {260: 260, },
    24: {259: 259, },
    26: {257: 257, },
    25: {258: 258, },
    34: {311: 311, },
    27: {316: 316, },
    29: {266: 266, },
    28: {267: 267, },
    30: {315: 315, },
    31: {314: 314, },
    32: {313: 313, },
    33: {312: 312, },
    35: {372: 372, },
    36: {323: 323, },
    37: {322: 322, },
    38: {371: 371, },
    39: {370: 370, },
    40: {369: 369, },
    41: {368: 368, },
    42: {367: 367, },
  },
  "pr2searchnodes": {
  0: {
      name: "(0) player1_bite x6 y6",
      open: 0,
      init: 1,
      poisoned: 0,
      subsumed: 0,
  },
  1: {
      name: "(1) player2-pick ",
      open: 1,
      init: 0,
      poisoned: 0,
      subsumed: 0,
  },
  2: {
      name: "(2) player2_bite x0 y0",
      open: 1,
      init: 0,
      poisoned: 0,
      subsumed: 0,
  },
  3: {
      name: "(3)",
      open: 1,
      init: 0,
      poisoned: 0,
      subsumed: 0,
  },
  4: {
      name: "(4)",
      open: 1,
      init: 0,
      poisoned: 0,
      subsumed: 0,
  },
  5: {
      name: "(5)",
      open: 1,
      init: 0,
      poisoned: 0,
      subsumed: 0,
  },
  6: {
      name: "(6)",
      open: 1,
      init: 0,
      poisoned: 0,
      subsumed: 0,
  },
  7: {
      name: "(7)",
      open: 1,
      init: 0,
      poisoned: 0,
      subsumed: 0,
  },
  8: {
      name: "(8)",
      open: 1,
      init: 0,
      poisoned: 0,
      subsumed: 0,
  },
  9: {
      name: "(9)",
      open: 1,
      init: 0,
      poisoned: 0,
      subsumed: 0,
  },
  10: {
      name: "(10)",
      open: 1,
      init: 0,
      poisoned: 0,
      subsumed: 0,
  },
  11: {
      name: "(11)",
      open: 1,
      init: 0,
      poisoned: 0,
      subsumed: 0,
  },
  12: {
      name: "(12)",
      open: 1,
      init: 0,
      poisoned: 0,
      subsumed: 0,
  },
  13: {
      name: "(13)",
      open: 1,
      init: 0,
      poisoned: 0,
      subsumed: 0,
  },
  14: {
      name: "(14)",
      open: 1,
      init: 0,
      poisoned: 0,
      subsumed: 0,
  },
  15: {
      name: "(15)",
      open: 1,
      init: 0,
      poisoned: 0,
      subsumed: 0,
  },
  16: {
      name: "(16)",
      open: 1,
      init: 0,
      poisoned: 0,
      subsumed: 0,
  },
  17: {
      name: "(17)",
      open: 1,
      init: 0,
      poisoned: 0,
      subsumed: 0,
  },
  18: {
      name: "(18)",
      open: 1,
      init: 0,
      poisoned: 0,
      subsumed: 0,
  },
  19: {
      name: "(19)",
      open: 1,
      init: 0,
      poisoned: 0,
      subsumed: 0,
  },
  20: {
      name: "(20)",
      open: 1,
      init: 0,
      poisoned: 0,
      subsumed: 0,
  },
  21: {
      name: "(21)",
      open: 1,
      init: 0,
      poisoned: 0,
      subsumed: 0,
  },
  22: {
      name: "(22)",
      open: 1,
      init: 0,
      poisoned: 0,
      subsumed: 0,
  },
  23: {
      name: "(23)",
      open: 1,
      init: 0,
      poisoned: 0,
      subsumed: 0,
  },
  24: {
      name: "(24)",
      open: 1,
      init: 0,
      poisoned: 0,
      subsumed: 0,
  },
  25: {
      name: "(25)",
      open: 1,
      init: 0,
      poisoned: 0,
      subsumed: 0,
  },
  26: {
      name: "(26)",
      open: 1,
      init: 0,
      poisoned: 0,
      subsumed: 0,
  },
  27: {
      name: "(27)",
      open: 1,
      init: 0,
      poisoned: 0,
      subsumed: 0,
  },
  28: {
      name: "(28)",
      open: 1,
      init: 0,
      poisoned: 0,
      subsumed: 0,
  },
  29: {
      name: "(29)",
      open: 1,
      init: 0,
      poisoned: 0,
      subsumed: 0,
  },
  30: {
      name: "(30)",
      open: 1,
      init: 0,
      poisoned: 0,
      subsumed: 0,
  },
  31: {
      name: "(31)",
      open: 1,
      init: 0,
      poisoned: 0,
      subsumed: 0,
  },
  32: {
      name: "(32)",
      open: 1,
      init: 0,
      poisoned: 0,
      subsumed: 0,
  },
  33: {
      name: "(33)",
      open: 1,
      init: 0,
      poisoned: 0,
      subsumed: 0,
  },
  34: {
      name: "(34)",
      open: 1,
      init: 0,
      poisoned: 0,
      subsumed: 0,
  },
  35: {
      name: "(35)",
      open: 1,
      init: 0,
      poisoned: 0,
      subsumed: 0,
  },
  36: {
      name: "(36)",
      open: 1,
      init: 0,
      poisoned: 0,
      subsumed: 0,
  },
  37: {
      name: "(37)",
      open: 1,
      init: 0,
      poisoned: 0,
      subsumed: 0,
  },
  38: {
      name: "(38)",
      open: 1,
      init: 0,
      poisoned: 0,
      subsumed: 0,
  },
  39: {
      name: "(39)",
      open: 1,
      init: 0,
      poisoned: 0,
      subsumed: 0,
  },
  40: {
      name: "(40)",
      open: 1,
      init: 0,
      poisoned: 0,
      subsumed: 0,
  },
  41: {
      name: "(41)",
      open: 1,
      init: 0,
      poisoned: 0,
      subsumed: 0,
  },
  42: {
      name: "(42)",
      open: 1,
      init: 0,
      poisoned: 0,
      subsumed: 0,
  },
  43: {
      name: "(43)",
      open: 1,
      init: 0,
      poisoned: 0,
      subsumed: 0,
  },
  44: {
      name: "(44)",
      open: 1,
      init: 0,
      poisoned: 0,
      subsumed: 0,
  },
  45: {
      name: "(45)",
      open: 1,
      init: 0,
      poisoned: 0,
      subsumed: 0,
  },
  46: {
      name: "(46)",
      open: 1,
      init: 0,
      poisoned: 0,
      subsumed: 0,
  },
  47: {
      name: "(47)",
      open: 1,
      init: 0,
      poisoned: 0,
      subsumed: 0,
  },
  48: {
      name: "(48)",
      open: 1,
      init: 0,
      poisoned: 0,
      subsumed: 0,
  },
  49: {
      name: "(49)",
      open: 1,
      init: 0,
      poisoned: 0,
      subsumed: 0,
  },
  50: {
      name: "(50) player2_bite x1 y1",
      open: 0,
      init: 0,
      poisoned: 0,
      subsumed: 0,
  },
  51: {
      name: "(51)",
      open: 0,
      init: 0,
      poisoned: 0,
      subsumed: 0,
  },
  52: {
      name: "(52) player1_bite x6 y6",
      open: 0,
      init: 0,
      poisoned: 0,
      subsumed: 0,
  },
  53: {
      name: "(53) player2-pick ",
      open: 0,
      init: 0,
      poisoned: 0,
      subsumed: 0,
  },
  54: {
      name: "(54)",
      open: 1,
      init: 0,
      poisoned: 0,
      subsumed: 0,
  },
  55: {
      name: "(55)",
      open: 1,
      init: 0,
      poisoned: 0,
      subsumed: 0,
  },
  56: {
      name: "(56)",
      open: 1,
      init: 0,
      poisoned: 0,
      subsumed: 0,
  },
  57: {
      name: "(57)",
      open: 1,
      init: 0,
      poisoned: 0,
      subsumed: 0,
  },
  58: {
      name: "(58)",
      open: 1,
      init: 0,
      poisoned: 0,
      subsumed: 0,
  },
  59: {
      name: "(59)",
      open: 1,
      init: 0,
      poisoned: 0,
      subsumed: 0,
  },
  60: {
      name: "(60)",
      open: 1,
      init: 0,
      poisoned: 0,
      subsumed: 0,
  },
  61: {
      name: "(61)",
      open: 1,
      init: 0,
      poisoned: 0,
      subsumed: 0,
  },
  62: {
      name: "(62)",
      open: 1,
      init: 0,
      poisoned: 0,
      subsumed: 0,
  },
  63: {
      name: "(63)",
      open: 1,
      init: 0,
      poisoned: 0,
      subsumed: 0,
  },
  64: {
      name: "(64)",
      open: 1,
      init: 0,
      poisoned: 0,
      subsumed: 0,
  },
  65: {
      name: "(65)",
      open: 1,
      init: 0,
      poisoned: 0,
      subsumed: 0,
  },
  66: {
      name: "(66)",
      open: 1,
      init: 0,
      poisoned: 0,
      subsumed: 0,
  },
  67: {
      name: "(67)",
      open: 1,
      init: 0,
      poisoned: 0,
      subsumed: 0,
  },
  68: {
      name: "(68)",
      open: 1,
      init: 0,
      poisoned: 0,
      subsumed: 0,
  },
  69: {
      name: "(69)",
      open: 1,
      init: 0,
      poisoned: 0,
      subsumed: 0,
  },
  70: {
      name: "(70)",
      open: 1,
      init: 0,
      poisoned: 0,
      subsumed: 0,
  },
  71: {
      name: "(71)",
      open: 1,
      init: 0,
      poisoned: 0,
      subsumed: 0,
  },
  72: {
      name: "(72)",
      open: 1,
      init: 0,
      poisoned: 0,
      subsumed: 0,
  },
  73: {
      name: "(73)",
      open: 1,
      init: 0,
      poisoned: 0,
      subsumed: 0,
  },
  74: {
      name: "(74)",
      open: 1,
      init: 0,
      poisoned: 0,
      subsumed: 0,
  },
  75: {
      name: "(75)",
      open: 1,
      init: 0,
      poisoned: 0,
      subsumed: 0,
  },
  76: {
      name: "(76)",
      open: 1,
      init: 0,
      poisoned: 0,
      subsumed: 0,
  },
  77: {
      name: "(77)",
      open: 1,
      init: 0,
      poisoned: 0,
      subsumed: 0,
  },
  78: {
      name: "(78)",
      open: 1,
      init: 0,
      poisoned: 0,
      subsumed: 0,
  },
  79: {
      name: "(79)",
      open: 1,
      init: 0,
      poisoned: 0,
      subsumed: 0,
  },
  80: {
      name: "(80)",
      open: 1,
      init: 0,
      poisoned: 0,
      subsumed: 0,
  },
  81: {
      name: "(81)",
      open: 1,
      init: 0,
      poisoned: 0,
      subsumed: 0,
  },
  82: {
      name: "(82)",
      open: 1,
      init: 0,
      poisoned: 0,
      subsumed: 0,
  },
  83: {
      name: "(83)",
      open: 1,
      init: 0,
      poisoned: 0,
      subsumed: 0,
  },
  84: {
      name: "(84)",
      open: 1,
      init: 0,
      poisoned: 0,
      subsumed: 0,
  },
  85: {
      name: "(85)",
      open: 1,
      init: 0,
      poisoned: 0,
      subsumed: 0,
  },
  86: {
      name: "(86)",
      open: 1,
      init: 0,
      poisoned: 0,
      subsumed: 0,
  },
  87: {
      name: "(87)",
      open: 1,
      init: 0,
      poisoned: 0,
      subsumed: 0,
  },
  88: {
      name: "(88)",
      open: 1,
      init: 0,
      poisoned: 0,
      subsumed: 0,
  },
  89: {
      name: "(89)",
      open: 1,
      init: 0,
      poisoned: 0,
      subsumed: 0,
  },
  90: {
      name: "(90)",
      open: 1,
      init: 0,
      poisoned: 0,
      subsumed: 0,
  },
  91: {
      name: "(91)",
      open: 1,
      init: 0,
      poisoned: 0,
      subsumed: 0,
  },
  92: {
      name: "(92)",
      open: 1,
      init: 0,
      poisoned: 0,
      subsumed: 0,
  },
  93: {
      name: "(93)",
      open: 1,
      init: 0,
      poisoned: 0,
      subsumed: 0,
  },
  94: {
      name: "(94)",
      open: 1,
      init: 0,
      poisoned: 0,
      subsumed: 0,
  },
  95: {
      name: "(95)",
      open: 1,
      init: 0,
      poisoned: 0,
      subsumed: 0,
  },
  96: {
      name: "(96)",
      open: 1,
      init: 0,
      poisoned: 0,
      subsumed: 0,
  },
  97: {
      name: "(97)",
      open: 1,
      init: 0,
      poisoned: 0,
      subsumed: 0,
  },
  98: {
      name: "(98)",
      open: 1,
      init: 0,
      poisoned: 0,
      subsumed: 0,
  },
  99: {
      name: "(99)",
      open: 1,
      init: 0,
      poisoned: 0,
      subsumed: 0,
  },
  100: {
      name: "(100)",
      open: 1,
      init: 0,
      poisoned: 0,
      subsumed: 0,
  },
  101: {
      name: "(101) player2_bite x1 y0",
      open: 0,
      init: 0,
      poisoned: 0,
      subsumed: 0,
  },
  102: {
      name: "(102) player2_bite x1 y1",
      open: 0,
      init: 0,
      poisoned: 0,
      subsumed: 0,
  },
  103: {
      name: "(103)",
      open: 0,
      init: 0,
      poisoned: 0,
      subsumed: 1,
  },
  104: {
      name: "(104) player1_bite x6 y6",
      open: 0,
      init: 0,
      poisoned: 0,
      subsumed: 0,
  },
  105: {
      name: "(105) player2-pick ",
      open: 0,
      init: 0,
      poisoned: 0,
      subsumed: 0,
  },
  106: {
      name: "(106)",
      open: 1,
      init: 0,
      poisoned: 0,
      subsumed: 0,
  },
  107: {
      name: "(107)",
      open: 1,
      init: 0,
      poisoned: 0,
      subsumed: 0,
  },
  108: {
      name: "(108)",
      open: 1,
      init: 0,
      poisoned: 0,
      subsumed: 0,
  },
  109: {
      name: "(109)",
      open: 1,
      init: 0,
      poisoned: 0,
      subsumed: 0,
  },
  110: {
      name: "(110)",
      open: 1,
      init: 0,
      poisoned: 0,
      subsumed: 0,
  },
  111: {
      name: "(111)",
      open: 1,
      init: 0,
      poisoned: 0,
      subsumed: 0,
  },
  112: {
      name: "(112)",
      open: 1,
      init: 0,
      poisoned: 0,
      subsumed: 0,
  },
  113: {
      name: "(113)",
      open: 1,
      init: 0,
      poisoned: 0,
      subsumed: 0,
  },
  114: {
      name: "(114)",
      open: 1,
      init: 0,
      poisoned: 0,
      subsumed: 0,
  },
  115: {
      name: "(115)",
      open: 1,
      init: 0,
      poisoned: 0,
      subsumed: 0,
  },
  116: {
      name: "(116)",
      open: 1,
      init: 0,
      poisoned: 0,
      subsumed: 0,
  },
  117: {
      name: "(117)",
      open: 1,
      init: 0,
      poisoned: 0,
      subsumed: 0,
  },
  118: {
      name: "(118)",
      open: 1,
      init: 0,
      poisoned: 0,
      subsumed: 0,
  },
  119: {
      name: "(119)",
      open: 1,
      init: 0,
      poisoned: 0,
      subsumed: 0,
  },
  120: {
      name: "(120)",
      open: 1,
      init: 0,
      poisoned: 0,
      subsumed: 0,
  },
  121: {
      name: "(121)",
      open: 1,
      init: 0,
      poisoned: 0,
      subsumed: 0,
  },
  122: {
      name: "(122)",
      open: 1,
      init: 0,
      poisoned: 0,
      subsumed: 0,
  },
  123: {
      name: "(123)",
      open: 1,
      init: 0,
      poisoned: 0,
      subsumed: 0,
  },
  124: {
      name: "(124)",
      open: 1,
      init: 0,
      poisoned: 0,
      subsumed: 0,
  },
  125: {
      name: "(125)",
      open: 1,
      init: 0,
      poisoned: 0,
      subsumed: 0,
  },
  126: {
      name: "(126)",
      open: 1,
      init: 0,
      poisoned: 0,
      subsumed: 0,
  },
  127: {
      name: "(127)",
      open: 1,
      init: 0,
      poisoned: 0,
      subsumed: 0,
  },
  128: {
      name: "(128)",
      open: 1,
      init: 0,
      poisoned: 0,
      subsumed: 0,
  },
  129: {
      name: "(129)",
      open: 1,
      init: 0,
      poisoned: 0,
      subsumed: 0,
  },
  130: {
      name: "(130)",
      open: 1,
      init: 0,
      poisoned: 0,
      subsumed: 0,
  },
  131: {
      name: "(131)",
      open: 1,
      init: 0,
      poisoned: 0,
      subsumed: 0,
  },
  132: {
      name: "(132)",
      open: 1,
      init: 0,
      poisoned: 0,
      subsumed: 0,
  },
  133: {
      name: "(133)",
      open: 1,
      init: 0,
      poisoned: 0,
      subsumed: 0,
  },
  134: {
      name: "(134)",
      open: 1,
      init: 0,
      poisoned: 0,
      subsumed: 0,
  },
  135: {
      name: "(135)",
      open: 1,
      init: 0,
      poisoned: 0,
      subsumed: 0,
  },
  136: {
      name: "(136)",
      open: 1,
      init: 0,
      poisoned: 0,
      subsumed: 0,
  },
  137: {
      name: "(137)",
      open: 1,
      init: 0,
      poisoned: 0,
      subsumed: 0,
  },
  138: {
      name: "(138)",
      open: 1,
      init: 0,
      poisoned: 0,
      subsumed: 0,
  },
  139: {
      name: "(139)",
      open: 1,
      init: 0,
      poisoned: 0,
      subsumed: 0,
  },
  140: {
      name: "(140)",
      open: 1,
      init: 0,
      poisoned: 0,
      subsumed: 0,
  },
  141: {
      name: "(141)",
      open: 1,
      init: 0,
      poisoned: 0,
      subsumed: 0,
  },
  142: {
      name: "(142)",
      open: 1,
      init: 0,
      poisoned: 0,
      subsumed: 0,
  },
  143: {
      name: "(143)",
      open: 1,
      init: 0,
      poisoned: 0,
      subsumed: 0,
  },
  144: {
      name: "(144)",
      open: 1,
      init: 0,
      poisoned: 0,
      subsumed: 0,
  },
  145: {
      name: "(145)",
      open: 1,
      init: 0,
      poisoned: 0,
      subsumed: 0,
  },
  146: {
      name: "(146)",
      open: 1,
      init: 0,
      poisoned: 0,
      subsumed: 0,
  },
  147: {
      name: "(147)",
      open: 1,
      init: 0,
      poisoned: 0,
      subsumed: 0,
  },
  148: {
      name: "(148)",
      open: 1,
      init: 0,
      poisoned: 0,
      subsumed: 0,
  },
  149: {
      name: "(149)",
      open: 1,
      init: 0,
      poisoned: 0,
      subsumed: 0,
  },
  150: {
      name: "(150)",
      open: 1,
      init: 0,
      poisoned: 0,
      subsumed: 0,
  },
  151: {
      name: "(151)",
      open: 1,
      init: 0,
      poisoned: 0,
      subsumed: 0,
  },
  152: {
      name: "(152) player2_bite x0 y6",
      open: 0,
      init: 0,
      poisoned: 0,
      subsumed: 0,
  },
  153: {
      name: "(153) player2_bite x1 y0",
      open: 0,
      init: 0,
      poisoned: 0,
      subsumed: 0,
  },
  154: {
      name: "(154) player2_bite x1 y0",
      open: 0,
      init: 0,
      poisoned: 0,
      subsumed: 0,
  },
  155: {
      name: "(155)",
      open: 0,
      init: 0,
      poisoned: 0,
      subsumed: 1,
  },
  156: {
      name: "(156)",
      open: 0,
      init: 0,
      poisoned: 0,
      subsumed: 1,
  },
  157: {
      name: "(157) player1_bite x6 y6",
      open: 0,
      init: 0,
      poisoned: 0,
      subsumed: 0,
  },
  158: {
      name: "(158) player2-pick ",
      open: 0,
      init: 0,
      poisoned: 0,
      subsumed: 0,
  },
  159: {
      name: "(159)",
      open: 1,
      init: 0,
      poisoned: 0,
      subsumed: 0,
  },
  160: {
      name: "(160)",
      open: 1,
      init: 0,
      poisoned: 0,
      subsumed: 0,
  },
  161: {
      name: "(161)",
      open: 1,
      init: 0,
      poisoned: 0,
      subsumed: 0,
  },
  162: {
      name: "(162)",
      open: 1,
      init: 0,
      poisoned: 0,
      subsumed: 0,
  },
  163: {
      name: "(163)",
      open: 1,
      init: 0,
      poisoned: 0,
      subsumed: 0,
  },
  164: {
      name: "(164)",
      open: 1,
      init: 0,
      poisoned: 0,
      subsumed: 0,
  },
  165: {
      name: "(165)",
      open: 1,
      init: 0,
      poisoned: 0,
      subsumed: 0,
  },
  166: {
      name: "(166)",
      open: 1,
      init: 0,
      poisoned: 0,
      subsumed: 0,
  },
  167: {
      name: "(167)",
      open: 1,
      init: 0,
      poisoned: 0,
      subsumed: 0,
  },
  168: {
      name: "(168)",
      open: 1,
      init: 0,
      poisoned: 0,
      subsumed: 0,
  },
  169: {
      name: "(169)",
      open: 1,
      init: 0,
      poisoned: 0,
      subsumed: 0,
  },
  170: {
      name: "(170)",
      open: 1,
      init: 0,
      poisoned: 0,
      subsumed: 0,
  },
  171: {
      name: "(171)",
      open: 1,
      init: 0,
      poisoned: 0,
      subsumed: 0,
  },
  172: {
      name: "(172)",
      open: 1,
      init: 0,
      poisoned: 0,
      subsumed: 0,
  },
  173: {
      name: "(173)",
      open: 1,
      init: 0,
      poisoned: 0,
      subsumed: 0,
  },
  174: {
      name: "(174)",
      open: 1,
      init: 0,
      poisoned: 0,
      subsumed: 0,
  },
  175: {
      name: "(175)",
      open: 1,
      init: 0,
      poisoned: 0,
      subsumed: 0,
  },
  176: {
      name: "(176)",
      open: 1,
      init: 0,
      poisoned: 0,
      subsumed: 0,
  },
  177: {
      name: "(177)",
      open: 1,
      init: 0,
      poisoned: 0,
      subsumed: 0,
  },
  178: {
      name: "(178)",
      open: 1,
      init: 0,
      poisoned: 0,
      subsumed: 0,
  },
  179: {
      name: "(179)",
      open: 1,
      init: 0,
      poisoned: 0,
      subsumed: 0,
  },
  180: {
      name: "(180)",
      open: 1,
      init: 0,
      poisoned: 0,
      subsumed: 0,
  },
  181: {
      name: "(181)",
      open: 1,
      init: 0,
      poisoned: 0,
      subsumed: 0,
  },
  182: {
      name: "(182)",
      open: 1,
      init: 0,
      poisoned: 0,
      subsumed: 0,
  },
  183: {
      name: "(183)",
      open: 1,
      init: 0,
      poisoned: 0,
      subsumed: 0,
  },
  184: {
      name: "(184)",
      open: 1,
      init: 0,
      poisoned: 0,
      subsumed: 0,
  },
  185: {
      name: "(185)",
      open: 1,
      init: 0,
      poisoned: 0,
      subsumed: 0,
  },
  186: {
      name: "(186)",
      open: 1,
      init: 0,
      poisoned: 0,
      subsumed: 0,
  },
  187: {
      name: "(187)",
      open: 1,
      init: 0,
      poisoned: 0,
      subsumed: 0,
  },
  188: {
      name: "(188)",
      open: 1,
      init: 0,
      poisoned: 0,
      subsumed: 0,
  },
  189: {
      name: "(189)",
      open: 1,
      init: 0,
      poisoned: 0,
      subsumed: 0,
  },
  190: {
      name: "(190)",
      open: 1,
      init: 0,
      poisoned: 0,
      subsumed: 0,
  },
  191: {
      name: "(191)",
      open: 1,
      init: 0,
      poisoned: 0,
      subsumed: 0,
  },
  192: {
      name: "(192)",
      open: 1,
      init: 0,
      poisoned: 0,
      subsumed: 0,
  },
  193: {
      name: "(193)",
      open: 1,
      init: 0,
      poisoned: 0,
      subsumed: 0,
  },
  194: {
      name: "(194)",
      open: 1,
      init: 0,
      poisoned: 0,
      subsumed: 0,
  },
  195: {
      name: "(195)",
      open: 1,
      init: 0,
      poisoned: 0,
      subsumed: 0,
  },
  196: {
      name: "(196)",
      open: 1,
      init: 0,
      poisoned: 0,
      subsumed: 0,
  },
  197: {
      name: "(197)",
      open: 1,
      init: 0,
      poisoned: 0,
      subsumed: 0,
  },
  198: {
      name: "(198)",
      open: 1,
      init: 0,
      poisoned: 0,
      subsumed: 0,
  },
  199: {
      name: "(199)",
      open: 1,
      init: 0,
      poisoned: 0,
      subsumed: 0,
  },
  200: {
      name: "(200)",
      open: 1,
      init: 0,
      poisoned: 0,
      subsumed: 0,
  },
  201: {
      name: "(201)",
      open: 1,
      init: 0,
      poisoned: 0,
      subsumed: 0,
  },
  202: {
      name: "(202)",
      open: 1,
      init: 0,
      poisoned: 0,
      subsumed: 0,
  },
  203: {
      name: "(203)",
      open: 1,
      init: 0,
      poisoned: 0,
      subsumed: 0,
  },
  204: {
      name: "(204) player2_bite x0 y5",
      open: 0,
      init: 0,
      poisoned: 0,
      subsumed: 0,
  },
  205: {
      name: "(205) player2_bite x0 y6",
      open: 0,
      init: 0,
      poisoned: 0,
      subsumed: 0,
  },
  206: {
      name: "(206) player2_bite x0 y6",
      open: 0,
      init: 0,
      poisoned: 0,
      subsumed: 0,
  },
  207: {
      name: "(207) player2_bite x0 y6",
      open: 0,
      init: 0,
      poisoned: 0,
      subsumed: 0,
  },
  208: {
      name: "(208)",
      open: 0,
      init: 0,
      poisoned: 0,
      subsumed: 1,
  },
  209: {
      name: "(209)",
      open: 0,
      init: 0,
      poisoned: 0,
      subsumed: 1,
  },
  210: {
      name: "(210)",
      open: 0,
      init: 0,
      poisoned: 0,
      subsumed: 1,
  },
  211: {
      name: "(211) player1_bite x6 y6",
      open: 0,
      init: 0,
      poisoned: 0,
      subsumed: 0,
  },
  212: {
      name: "(212) player2-pick ",
      open: 0,
      init: 0,
      poisoned: 0,
      subsumed: 0,
  },
  213: {
      name: "(213)",
      open: 1,
      init: 0,
      poisoned: 0,
      subsumed: 0,
  },
  214: {
      name: "(214)",
      open: 1,
      init: 0,
      poisoned: 0,
      subsumed: 0,
  },
  215: {
      name: "(215)",
      open: 1,
      init: 0,
      poisoned: 0,
      subsumed: 0,
  },
  216: {
      name: "(216)",
      open: 1,
      init: 0,
      poisoned: 0,
      subsumed: 0,
  },
  217: {
      name: "(217)",
      open: 1,
      init: 0,
      poisoned: 0,
      subsumed: 0,
  },
  218: {
      name: "(218)",
      open: 1,
      init: 0,
      poisoned: 0,
      subsumed: 0,
  },
  219: {
      name: "(219)",
      open: 1,
      init: 0,
      poisoned: 0,
      subsumed: 0,
  },
  220: {
      name: "(220)",
      open: 1,
      init: 0,
      poisoned: 0,
      subsumed: 0,
  },
  221: {
      name: "(221)",
      open: 1,
      init: 0,
      poisoned: 0,
      subsumed: 0,
  },
  222: {
      name: "(222)",
      open: 1,
      init: 0,
      poisoned: 0,
      subsumed: 0,
  },
  223: {
      name: "(223)",
      open: 1,
      init: 0,
      poisoned: 0,
      subsumed: 0,
  },
  224: {
      name: "(224)",
      open: 1,
      init: 0,
      poisoned: 0,
      subsumed: 0,
  },
  225: {
      name: "(225)",
      open: 1,
      init: 0,
      poisoned: 0,
      subsumed: 0,
  },
  226: {
      name: "(226)",
      open: 1,
      init: 0,
      poisoned: 0,
      subsumed: 0,
  },
  227: {
      name: "(227)",
      open: 1,
      init: 0,
      poisoned: 0,
      subsumed: 0,
  },
  228: {
      name: "(228)",
      open: 1,
      init: 0,
      poisoned: 0,
      subsumed: 0,
  },
  229: {
      name: "(229)",
      open: 1,
      init: 0,
      poisoned: 0,
      subsumed: 0,
  },
  230: {
      name: "(230)",
      open: 1,
      init: 0,
      poisoned: 0,
      subsumed: 0,
  },
  231: {
      name: "(231)",
      open: 1,
      init: 0,
      poisoned: 0,
      subsumed: 0,
  },
  232: {
      name: "(232)",
      open: 1,
      init: 0,
      poisoned: 0,
      subsumed: 0,
  },
  233: {
      name: "(233)",
      open: 1,
      init: 0,
      poisoned: 0,
      subsumed: 0,
  },
  234: {
      name: "(234)",
      open: 1,
      init: 0,
      poisoned: 0,
      subsumed: 0,
  },
  235: {
      name: "(235)",
      open: 1,
      init: 0,
      poisoned: 0,
      subsumed: 0,
  },
  236: {
      name: "(236)",
      open: 1,
      init: 0,
      poisoned: 0,
      subsumed: 0,
  },
  237: {
      name: "(237)",
      open: 1,
      init: 0,
      poisoned: 0,
      subsumed: 0,
  },
  238: {
      name: "(238)",
      open: 1,
      init: 0,
      poisoned: 0,
      subsumed: 0,
  },
  239: {
      name: "(239)",
      open: 1,
      init: 0,
      poisoned: 0,
      subsumed: 0,
  },
  240: {
      name: "(240)",
      open: 1,
      init: 0,
      poisoned: 0,
      subsumed: 0,
  },
  241: {
      name: "(241)",
      open: 1,
      init: 0,
      poisoned: 0,
      subsumed: 0,
  },
  242: {
      name: "(242)",
      open: 1,
      init: 0,
      poisoned: 0,
      subsumed: 0,
  },
  243: {
      name: "(243)",
      open: 1,
      init: 0,
      poisoned: 0,
      subsumed: 0,
  },
  244: {
      name: "(244)",
      open: 1,
      init: 0,
      poisoned: 0,
      subsumed: 0,
  },
  245: {
      name: "(245)",
      open: 1,
      init: 0,
      poisoned: 0,
      subsumed: 0,
  },
  246: {
      name: "(246)",
      open: 1,
      init: 0,
      poisoned: 0,
      subsumed: 0,
  },
  247: {
      name: "(247)",
      open: 1,
      init: 0,
      poisoned: 0,
      subsumed: 0,
  },
  248: {
      name: "(248)",
      open: 1,
      init: 0,
      poisoned: 0,
      subsumed: 0,
  },
  249: {
      name: "(249)",
      open: 1,
      init: 0,
      poisoned: 0,
      subsumed: 0,
  },
  250: {
      name: "(250)",
      open: 1,
      init: 0,
      poisoned: 0,
      subsumed: 0,
  },
  251: {
      name: "(251)",
      open: 1,
      init: 0,
      poisoned: 0,
      subsumed: 0,
  },
  252: {
      name: "(252)",
      open: 1,
      init: 0,
      poisoned: 0,
      subsumed: 0,
  },
  253: {
      name: "(253)",
      open: 1,
      init: 0,
      poisoned: 0,
      subsumed: 0,
  },
  254: {
      name: "(254)",
      open: 1,
      init: 0,
      poisoned: 0,
      subsumed: 0,
  },
  255: {
      name: "(255)",
      open: 1,
      init: 0,
      poisoned: 0,
      subsumed: 0,
  },
  256: {
      name: "(256)",
      open: 1,
      init: 0,
      poisoned: 0,
      subsumed: 0,
  },
  257: {
      name: "(257) player2_bite x0 y4",
      open: 0,
      init: 0,
      poisoned: 0,
      subsumed: 0,
  },
  258: {
      name: "(258) player2_bite x0 y5",
      open: 0,
      init: 0,
      poisoned: 0,
      subsumed: 0,
  },
  259: {
      name: "(259) player2_bite x0 y5",
      open: 0,
      init: 0,
      poisoned: 0,
      subsumed: 0,
  },
  260: {
      name: "(260) player2_bite x0 y5",
      open: 0,
      init: 0,
      poisoned: 0,
      subsumed: 0,
  },
  261: {
      name: "(261) player2_bite x0 y5",
      open: 0,
      init: 0,
      poisoned: 0,
      subsumed: 0,
  },
  262: {
      name: "(262)",
      open: 0,
      init: 0,
      poisoned: 0,
      subsumed: 1,
  },
  263: {
      name: "(263)",
      open: 0,
      init: 0,
      poisoned: 0,
      subsumed: 1,
  },
  264: {
      name: "(264)",
      open: 0,
      init: 0,
      poisoned: 0,
      subsumed: 1,
  },
  265: {
      name: "(265)",
      open: 0,
      init: 0,
      poisoned: 0,
      subsumed: 1,
  },
  266: {
      name: "(266) player1_bite x6 y6",
      open: 0,
      init: 0,
      poisoned: 0,
      subsumed: 0,
  },
  267: {
      name: "(267) player2-pick ",
      open: 0,
      init: 0,
      poisoned: 0,
      subsumed: 0,
  },
  268: {
      name: "(268)",
      open: 1,
      init: 0,
      poisoned: 0,
      subsumed: 0,
  },
  269: {
      name: "(269)",
      open: 1,
      init: 0,
      poisoned: 0,
      subsumed: 0,
  },
  270: {
      name: "(270)",
      open: 1,
      init: 0,
      poisoned: 0,
      subsumed: 0,
  },
  271: {
      name: "(271)",
      open: 1,
      init: 0,
      poisoned: 0,
      subsumed: 0,
  },
  272: {
      name: "(272)",
      open: 1,
      init: 0,
      poisoned: 0,
      subsumed: 0,
  },
  273: {
      name: "(273)",
      open: 1,
      init: 0,
      poisoned: 0,
      subsumed: 0,
  },
  274: {
      name: "(274)",
      open: 1,
      init: 0,
      poisoned: 0,
      subsumed: 0,
  },
  275: {
      name: "(275)",
      open: 1,
      init: 0,
      poisoned: 0,
      subsumed: 0,
  },
  276: {
      name: "(276)",
      open: 1,
      init: 0,
      poisoned: 0,
      subsumed: 0,
  },
  277: {
      name: "(277)",
      open: 1,
      init: 0,
      poisoned: 0,
      subsumed: 0,
  },
  278: {
      name: "(278)",
      open: 1,
      init: 0,
      poisoned: 0,
      subsumed: 0,
  },
  279: {
      name: "(279)",
      open: 1,
      init: 0,
      poisoned: 0,
      subsumed: 0,
  },
  280: {
      name: "(280)",
      open: 1,
      init: 0,
      poisoned: 0,
      subsumed: 0,
  },
  281: {
      name: "(281)",
      open: 1,
      init: 0,
      poisoned: 0,
      subsumed: 0,
  },
  282: {
      name: "(282)",
      open: 1,
      init: 0,
      poisoned: 0,
      subsumed: 0,
  },
  283: {
      name: "(283)",
      open: 1,
      init: 0,
      poisoned: 0,
      subsumed: 0,
  },
  284: {
      name: "(284)",
      open: 1,
      init: 0,
      poisoned: 0,
      subsumed: 0,
  },
  285: {
      name: "(285)",
      open: 1,
      init: 0,
      poisoned: 0,
      subsumed: 0,
  },
  286: {
      name: "(286)",
      open: 1,
      init: 0,
      poisoned: 0,
      subsumed: 0,
  },
  287: {
      name: "(287)",
      open: 1,
      init: 0,
      poisoned: 0,
      subsumed: 0,
  },
  288: {
      name: "(288)",
      open: 1,
      init: 0,
      poisoned: 0,
      subsumed: 0,
  },
  289: {
      name: "(289)",
      open: 1,
      init: 0,
      poisoned: 0,
      subsumed: 0,
  },
  290: {
      name: "(290)",
      open: 1,
      init: 0,
      poisoned: 0,
      subsumed: 0,
  },
  291: {
      name: "(291)",
      open: 1,
      init: 0,
      poisoned: 0,
      subsumed: 0,
  },
  292: {
      name: "(292)",
      open: 1,
      init: 0,
      poisoned: 0,
      subsumed: 0,
  },
  293: {
      name: "(293)",
      open: 1,
      init: 0,
      poisoned: 0,
      subsumed: 0,
  },
  294: {
      name: "(294)",
      open: 1,
      init: 0,
      poisoned: 0,
      subsumed: 0,
  },
  295: {
      name: "(295)",
      open: 1,
      init: 0,
      poisoned: 0,
      subsumed: 0,
  },
  296: {
      name: "(296)",
      open: 1,
      init: 0,
      poisoned: 0,
      subsumed: 0,
  },
  297: {
      name: "(297)",
      open: 1,
      init: 0,
      poisoned: 0,
      subsumed: 0,
  },
  298: {
      name: "(298)",
      open: 1,
      init: 0,
      poisoned: 0,
      subsumed: 0,
  },
  299: {
      name: "(299)",
      open: 1,
      init: 0,
      poisoned: 0,
      subsumed: 0,
  },
  300: {
      name: "(300)",
      open: 1,
      init: 0,
      poisoned: 0,
      subsumed: 0,
  },
  301: {
      name: "(301)",
      open: 1,
      init: 0,
      poisoned: 0,
      subsumed: 0,
  },
  302: {
      name: "(302)",
      open: 1,
      init: 0,
      poisoned: 0,
      subsumed: 0,
  },
  303: {
      name: "(303)",
      open: 1,
      init: 0,
      poisoned: 0,
      subsumed: 0,
  },
  304: {
      name: "(304)",
      open: 1,
      init: 0,
      poisoned: 0,
      subsumed: 0,
  },
  305: {
      name: "(305)",
      open: 1,
      init: 0,
      poisoned: 0,
      subsumed: 0,
  },
  306: {
      name: "(306)",
      open: 1,
      init: 0,
      poisoned: 0,
      subsumed: 0,
  },
  307: {
      name: "(307)",
      open: 1,
      init: 0,
      poisoned: 0,
      subsumed: 0,
  },
  308: {
      name: "(308)",
      open: 1,
      init: 0,
      poisoned: 0,
      subsumed: 0,
  },
  309: {
      name: "(309)",
      open: 1,
      init: 0,
      poisoned: 0,
      subsumed: 0,
  },
  310: {
      name: "(310)",
      open: 1,
      init: 0,
      poisoned: 0,
      subsumed: 0,
  },
  311: {
      name: "(311) player2_bite x6 y6",
      open: 0,
      init: 0,
      poisoned: 0,
      subsumed: 0,
  },
  312: {
      name: "(312) player2_bite x0 y4",
      open: 0,
      init: 0,
      poisoned: 0,
      subsumed: 0,
  },
  313: {
      name: "(313) player2_bite x0 y4",
      open: 0,
      init: 0,
      poisoned: 0,
      subsumed: 0,
  },
  314: {
      name: "(314) player2_bite x0 y4",
      open: 0,
      init: 0,
      poisoned: 0,
      subsumed: 0,
  },
  315: {
      name: "(315) player2_bite x0 y4",
      open: 0,
      init: 0,
      poisoned: 0,
      subsumed: 0,
  },
  316: {
      name: "(316) player2_bite x0 y4",
      open: 0,
      init: 0,
      poisoned: 0,
      subsumed: 0,
  },
  317: {
      name: "(317)",
      open: 0,
      init: 0,
      poisoned: 0,
      subsumed: 1,
  },
  318: {
      name: "(318)",
      open: 0,
      init: 0,
      poisoned: 0,
      subsumed: 1,
  },
  319: {
      name: "(319)",
      open: 0,
      init: 0,
      poisoned: 0,
      subsumed: 1,
  },
  320: {
      name: "(320)",
      open: 0,
      init: 0,
      poisoned: 0,
      subsumed: 1,
  },
  321: {
      name: "(321)",
      open: 0,
      init: 0,
      poisoned: 0,
      subsumed: 1,
  },
  322: {
      name: "(322) player1_bite x6 y6",
      open: 0,
      init: 0,
      poisoned: 0,
      subsumed: 0,
  },
  323: {
      name: "(323) player2-pick ",
      open: 0,
      init: 0,
      poisoned: 0,
      subsumed: 0,
  },
  324: {
      name: "(324)",
      open: 1,
      init: 0,
      poisoned: 0,
      subsumed: 0,
  },
  325: {
      name: "(325)",
      open: 1,
      init: 0,
      poisoned: 0,
      subsumed: 0,
  },
  326: {
      name: "(326)",
      open: 1,
      init: 0,
      poisoned: 0,
      subsumed: 0,
  },
  327: {
      name: "(327)",
      open: 1,
      init: 0,
      poisoned: 0,
      subsumed: 0,
  },
  328: {
      name: "(328)",
      open: 1,
      init: 0,
      poisoned: 0,
      subsumed: 0,
  },
  329: {
      name: "(329)",
      open: 1,
      init: 0,
      poisoned: 0,
      subsumed: 0,
  },
  330: {
      name: "(330)",
      open: 1,
      init: 0,
      poisoned: 0,
      subsumed: 0,
  },
  331: {
      name: "(331)",
      open: 1,
      init: 0,
      poisoned: 0,
      subsumed: 0,
  },
  332: {
      name: "(332)",
      open: 1,
      init: 0,
      poisoned: 0,
      subsumed: 0,
  },
  333: {
      name: "(333)",
      open: 1,
      init: 0,
      poisoned: 0,
      subsumed: 0,
  },
  334: {
      name: "(334)",
      open: 1,
      init: 0,
      poisoned: 0,
      subsumed: 0,
  },
  335: {
      name: "(335)",
      open: 1,
      init: 0,
      poisoned: 0,
      subsumed: 0,
  },
  336: {
      name: "(336)",
      open: 1,
      init: 0,
      poisoned: 0,
      subsumed: 0,
  },
  337: {
      name: "(337)",
      open: 1,
      init: 0,
      poisoned: 0,
      subsumed: 0,
  },
  338: {
      name: "(338)",
      open: 1,
      init: 0,
      poisoned: 0,
      subsumed: 0,
  },
  339: {
      name: "(339)",
      open: 1,
      init: 0,
      poisoned: 0,
      subsumed: 0,
  },
  340: {
      name: "(340)",
      open: 1,
      init: 0,
      poisoned: 0,
      subsumed: 0,
  },
  341: {
      name: "(341)",
      open: 1,
      init: 0,
      poisoned: 0,
      subsumed: 0,
  },
  342: {
      name: "(342)",
      open: 1,
      init: 0,
      poisoned: 0,
      subsumed: 0,
  },
  343: {
      name: "(343)",
      open: 1,
      init: 0,
      poisoned: 0,
      subsumed: 0,
  },
  344: {
      name: "(344)",
      open: 1,
      init: 0,
      poisoned: 0,
      subsumed: 0,
  },
  345: {
      name: "(345)",
      open: 1,
      init: 0,
      poisoned: 0,
      subsumed: 0,
  },
  346: {
      name: "(346)",
      open: 1,
      init: 0,
      poisoned: 0,
      subsumed: 0,
  },
  347: {
      name: "(347)",
      open: 1,
      init: 0,
      poisoned: 0,
      subsumed: 0,
  },
  348: {
      name: "(348)",
      open: 1,
      init: 0,
      poisoned: 0,
      subsumed: 0,
  },
  349: {
      name: "(349)",
      open: 1,
      init: 0,
      poisoned: 0,
      subsumed: 0,
  },
  350: {
      name: "(350)",
      open: 1,
      init: 0,
      poisoned: 0,
      subsumed: 0,
  },
  351: {
      name: "(351)",
      open: 1,
      init: 0,
      poisoned: 0,
      subsumed: 0,
  },
  352: {
      name: "(352)",
      open: 1,
      init: 0,
      poisoned: 0,
      subsumed: 0,
  },
  353: {
      name: "(353)",
      open: 1,
      init: 0,
      poisoned: 0,
      subsumed: 0,
  },
  354: {
      name: "(354)",
      open: 1,
      init: 0,
      poisoned: 0,
      subsumed: 0,
  },
  355: {
      name: "(355)",
      open: 1,
      init: 0,
      poisoned: 0,
      subsumed: 0,
  },
  356: {
      name: "(356)",
      open: 1,
      init: 0,
      poisoned: 0,
      subsumed: 0,
  },
  357: {
      name: "(357)",
      open: 1,
      init: 0,
      poisoned: 0,
      subsumed: 0,
  },
  358: {
      name: "(358)",
      open: 1,
      init: 0,
      poisoned: 0,
      subsumed: 0,
  },
  359: {
      name: "(359)",
      open: 1,
      init: 0,
      poisoned: 0,
      subsumed: 0,
  },
  360: {
      name: "(360)",
      open: 1,
      init: 0,
      poisoned: 0,
      subsumed: 0,
  },
  361: {
      name: "(361)",
      open: 1,
      init: 0,
      poisoned: 0,
      subsumed: 0,
  },
  362: {
      name: "(362)",
      open: 1,
      init: 0,
      poisoned: 0,
      subsumed: 0,
  },
  363: {
      name: "(363)",
      open: 1,
      init: 0,
      poisoned: 0,
      subsumed: 0,
  },
  364: {
      name: "(364)",
      open: 1,
      init: 0,
      poisoned: 0,
      subsumed: 0,
  },
  365: {
      name: "(365)",
      open: 1,
      init: 0,
      poisoned: 0,
      subsumed: 0,
  },
  366: {
      name: "(366)",
      open: 1,
      init: 0,
      poisoned: 0,
      subsumed: 0,
  },
  367: {
      name: "(367) player2_bite x6 y6",
      open: 0,
      init: 0,
      poisoned: 0,
      subsumed: 0,
  },
  368: {
      name: "(368) player2_bite x6 y6",
      open: 0,
      init: 0,
      poisoned: 0,
      subsumed: 0,
  },
  369: {
      name: "(369) player2_bite x6 y6",
      open: 0,
      init: 0,
      poisoned: 0,
      subsumed: 0,
  },
  370: {
      name: "(370) player2_bite x6 y6",
      open: 0,
      init: 0,
      poisoned: 0,
      subsumed: 0,
  },
  371: {
      name: "(371) player2_bite x6 y6",
      open: 0,
      init: 0,
      poisoned: 0,
      subsumed: 0,
  },
  372: {
      name: "(372) player2_bite x6 y6",
      open: 0,
      init: 0,
      poisoned: 0,
      subsumed: 0,
  },
  373: {
      name: "(373)",
      open: 0,
      init: 0,
      poisoned: 0,
      subsumed: 1,
  },
  374: {
      name: "(374)",
      open: 0,
      init: 0,
      poisoned: 0,
      subsumed: 1,
  },
  375: {
      name: "(375)",
      open: 0,
      init: 0,
      poisoned: 0,
      subsumed: 1,
  },
  376: {
      name: "(376)",
      open: 0,
      init: 0,
      poisoned: 0,
      subsumed: 1,
  },
  377: {
      name: "(377)",
      open: 0,
      init: 0,
      poisoned: 0,
      subsumed: 1,
  },
  378: {
      name: "(378)",
      open: 0,
      init: 0,
      poisoned: 0,
      subsumed: 1,
  },
  },
  "pr2searchnodelinks": [
    [0,1],
    [1,2],
    [1,3],
    [1,4],
    [1,5],
    [1,6],
    [1,7],
    [1,8],
    [1,9],
    [1,10],
    [1,11],
    [1,12],
    [1,13],
    [1,14],
    [1,15],
    [1,16],
    [1,17],
    [1,18],
    [1,19],
    [1,20],
    [1,21],
    [1,22],
    [1,23],
    [1,24],
    [1,25],
    [1,26],
    [1,27],
    [1,28],
    [1,29],
    [1,30],
    [1,31],
    [1,32],
    [1,33],
    [1,34],
    [1,35],
    [1,36],
    [1,37],
    [1,38],
    [1,39],
    [1,40],
    [1,41],
    [1,42],
    [1,43],
    [1,44],
    [1,45],
    [1,46],
    [1,47],
    [1,48],
    [1,49],
    [1,50],
    [2,51],
    [50,52],
    [52,53],
    [53,54],
    [53,55],
    [53,56],
    [53,57],
    [53,58],
    [53,59],
    [53,60],
    [53,61],
    [53,62],
    [53,63],
    [53,64],
    [53,65],
    [53,66],
    [53,67],
    [53,68],
    [53,69],
    [53,70],
    [53,71],
    [53,72],
    [53,73],
    [53,74],
    [53,75],
    [53,76],
    [53,77],
    [53,78],
    [53,79],
    [53,80],
    [53,81],
    [53,82],
    [53,83],
    [53,84],
    [53,85],
    [53,86],
    [53,87],
    [53,88],
    [53,89],
    [53,90],
    [53,91],
    [53,92],
    [53,93],
    [53,94],
    [53,95],
    [53,96],
    [53,97],
    [53,98],
    [53,99],
    [53,100],
    [53,101],
    [53,102],
    [102,103],
    [101,104],
    [104,105],
    [105,106],
    [105,107],
    [105,108],
    [105,109],
    [105,110],
    [105,111],
    [105,112],
    [105,113],
    [105,114],
    [105,115],
    [105,116],
    [105,117],
    [105,118],
    [105,119],
    [105,120],
    [105,121],
    [105,122],
    [105,123],
    [105,124],
    [105,125],
    [105,126],
    [105,127],
    [105,128],
    [105,129],
    [105,130],
    [105,131],
    [105,132],
    [105,133],
    [105,134],
    [105,135],
    [105,136],
    [105,137],
    [105,138],
    [105,139],
    [105,140],
    [105,141],
    [105,142],
    [105,143],
    [105,144],
    [105,145],
    [105,146],
    [105,147],
    [105,148],
    [105,149],
    [105,150],
    [105,151],
    [105,152],
    [105,153],
    [105,154],
    [154,155],
    [153,156],
    [152,157],
    [157,158],
    [158,159],
    [158,160],
    [158,161],
    [158,162],
    [158,163],
    [158,164],
    [158,165],
    [158,166],
    [158,167],
    [158,168],
    [158,169],
    [158,170],
    [158,171],
    [158,172],
    [158,173],
    [158,174],
    [158,175],
    [158,176],
    [158,177],
    [158,178],
    [158,179],
    [158,180],
    [158,181],
    [158,182],
    [158,183],
    [158,184],
    [158,185],
    [158,186],
    [158,187],
    [158,188],
    [158,189],
    [158,190],
    [158,191],
    [158,192],
    [158,193],
    [158,194],
    [158,195],
    [158,196],
    [158,197],
    [158,198],
    [158,199],
    [158,200],
    [158,201],
    [158,202],
    [158,203],
    [158,204],
    [158,205],
    [158,206],
    [158,207],
    [207,208],
    [206,209],
    [205,210],
    [204,211],
    [211,212],
    [212,213],
    [212,214],
    [212,215],
    [212,216],
    [212,217],
    [212,218],
    [212,219],
    [212,220],
    [212,221],
    [212,222],
    [212,223],
    [212,224],
    [212,225],
    [212,226],
    [212,227],
    [212,228],
    [212,229],
    [212,230],
    [212,231],
    [212,232],
    [212,233],
    [212,234],
    [212,235],
    [212,236],
    [212,237],
    [212,238],
    [212,239],
    [212,240],
    [212,241],
    [212,242],
    [212,243],
    [212,244],
    [212,245],
    [212,246],
    [212,247],
    [212,248],
    [212,249],
    [212,250],
    [212,251],
    [212,252],
    [212,253],
    [212,254],
    [212,255],
    [212,256],
    [212,257],
    [212,258],
    [212,259],
    [212,260],
    [212,261],
    [261,262],
    [260,263],
    [259,264],
    [258,265],
    [257,266],
    [266,267],
    [267,268],
    [267,269],
    [267,270],
    [267,271],
    [267,272],
    [267,273],
    [267,274],
    [267,275],
    [267,276],
    [267,277],
    [267,278],
    [267,279],
    [267,280],
    [267,281],
    [267,282],
    [267,283],
    [267,284],
    [267,285],
    [267,286],
    [267,287],
    [267,288],
    [267,289],
    [267,290],
    [267,291],
    [267,292],
    [267,293],
    [267,294],
    [267,295],
    [267,296],
    [267,297],
    [267,298],
    [267,299],
    [267,300],
    [267,301],
    [267,302],
    [267,303],
    [267,304],
    [267,305],
    [267,306],
    [267,307],
    [267,308],
    [267,309],
    [267,310],
    [267,311],
    [267,312],
    [267,313],
    [267,314],
    [267,315],
    [267,316],
    [316,317],
    [315,318],
    [314,319],
    [313,320],
    [312,321],
    [311,322],
    [322,323],
    [323,324],
    [323,325],
    [323,326],
    [323,327],
    [323,328],
    [323,329],
    [323,330],
    [323,331],
    [323,332],
    [323,333],
    [323,334],
    [323,335],
    [323,336],
    [323,337],
    [323,338],
    [323,339],
    [323,340],
    [323,341],
    [323,342],
    [323,343],
    [323,344],
    [323,345],
    [323,346],
    [323,347],
    [323,348],
    [323,349],
    [323,350],
    [323,351],
    [323,352],
    [323,353],
    [323,354],
    [323,355],
    [323,356],
    [323,357],
    [323,358],
    [323,359],
    [323,360],
    [323,361],
    [323,362],
    [323,363],
    [323,364],
    [323,365],
    [323,366],
    [323,367],
    [323,368],
    [323,369],
    [323,370],
    [323,371],
    [323,372],
    [372,373],
    [371,374],
    [370,375],
    [369,376],
    [368,377],
    [367,378],
  ],
},
